"estacaocodigo","nivelconsistencia","data","mediadiaria","metodoobtencaovazoes","maxima","minima","media","diamaxima","diaminima","maximastatus","minimastatus","mediastatus","mediaanual","mediaanualstatus","vazao01","vazao02","vazao03","vazao04","vazao05","vazao06","vazao07","vazao08","vazao09","vazao10","vazao11","vazao12","vazao13","vazao14","vazao15","vazao16","vazao17","vazao18","vazao19","vazao20","vazao21","vazao22","vazao23","vazao24","vazao25","vazao26","vazao27","vazao28","vazao29","vazao30","vazao31","vazao01status","vazao02status","vazao03status","vazao04status","vazao05status","vazao06status","vazao07status","vazao08status","vazao09status","vazao10status","vazao11status","vazao12status","vazao13status","vazao14status","vazao15status","vazao16status","vazao17status","vazao18status","vazao19status","vazao20status","vazao21status","vazao22status","vazao23status","vazao24status","vazao25status","vazao26status","vazao27status","vazao28status","vazao29status","vazao30status","vazao31status","datains"
"35279000","2",1984-01-01,"1","1",NA,NA,"0",NA,NA,"0","0","1","0.935","2",NA,NA,NA,NA,NA,NA,NA,NA,NA,NA,NA,NA,NA,NA,NA,NA,NA,NA,NA,NA,NA,NA,NA,NA,NA,NA,NA,NA,NA,NA,NA,"0","0","0","0","0","0","0","0","0","0","0","0","0","0","0","0","0","0","0","0","0","0","0","0","0","0","0","0","0","0","0",NA
"35279000","2",1984-02-01,"1","1","1.62","0","0.077","23","1","2","2","2","0.935","2",0,0,0,0,0,0,0,0,0,0,0,0,0,0,0,0,0,0,0,0,0,0,1.62,0.175,0.155,0.136,0.081,0.05,0.03,NA,NA,"1","1","1","1","1","1","1","1","1","1","1","1","1","1","1","1","1","1","1","1","1","1","1","1","1","1","1","2","2","0",NA,NA
"35279000","2",1984-03-01,"1","1","48.1","0","2.5","26",NA,"1","1","2","0.935","2",NA,NA,NA,NA,NA,NA,NA,NA,NA,NA,NA,0.214,0.109,3.56,0.273,1.26,0.292,0.194,0.407,0.234,0.292,0.194,NA,NA,NA,48.1,NA,NA,NA,NA,NA,"0","0","0","0","0","0","0","0","0","0","0","1","1","1","1","1","1","1","1","1","1","1","0","0","0","1","0","0","0","0","0",NA
"35279000","2",1984-04-01,"1","1","101","0.273","7.8","19",NA,"1","1","2","0.935","2",NA,NA,101,NA,NA,NA,NA,NA,NA,0.502,0.312,0.292,0.273,4.15,7.91,1.26,NA,NA,99.4,NA,NA,NA,NA,NA,NA,NA,NA,NA,NA,NA,NA,"0","0","1","0","0","0","0","0","0","1","1","1","1","1","1","1","0","0","1","0","0","0","0","0","0","0","0","0","0","0",NA,NA
"35279000","2",1984-05-01,"1","1","13","0.075","0.789","3","29","2","2","2","0.935","2",0.25,0.2,13,4,2,1,0.5,0.3,0.25,0.2,0.17,0.155,0.136,0.109,0.102,0.088,0.234,0.136,0.175,0.214,0.175,0.175,0.194,0.109,0.095,0.088,0.095,0.081,0.075,0.075,0.075,"2","2","1","2","2","2","2","2","2","2","2","1","1","1","1","1","1","1","1","1","1","1","1","1","1","1","1","1","1","1","1",NA
"35279000","2",1984-06-01,"1","1","0.109","0","0.049","5","23","1","1","1","0.935","2",0.068,0.068,0.061,0.061,0.109,0.095,0.081,0.102,0.095,0.075,0.061,0.068,0.061,0.061,0.054,0.054,0.054,0.054,0.054,0.054,0.047,0.047,0,0,0,0,0,0,0,0,NA,"1","1","1","1","1","1","1","1","1","1","1","1","1","1","1","1","1","1","1","1","1","1","1","1","1","1","1","1","1","1",NA,NA
"35279000","2",1984-07-01,"1","1","0","0","0","1","1","1","1","1","0.935","2",0,0,0,0,0,0,0,0,0,0,0,0,0,0,0,0,0,0,0,0,0,0,0,0,0,0,0,0,0,0,0,"1","1","1","1","1","1","1","1","1","1","1","1","1","1","1","1","1","1","1","1","1","1","1","1","1","1","1","1","1","1","1",NA
"35279000","2",1984-08-01,"1","1","0","0","0","1","1","1","1","1","0.935","2",0,0,0,0,0,0,0,0,0,0,0,0,0,0,0,0,0,0,0,0,0,0,0,0,0,0,0,0,0,0,0,"1","1","1","1","1","1","1","1","1","1","1","1","1","1","1","1","1","1","1","1","1","1","1","1","1","1","1","1","1","1","1",NA
"35279000","2",1984-09-01,"1","1","0","0","0","1","1","1","1","1","0.935","2",0,0,0,0,0,0,0,0,0,0,0,0,0,0,0,0,0,0,0,0,0,0,0,0,0,0,0,0,0,0,NA,"1","1","1","1","1","1","1","1","1","1","1","1","1","1","1","1","1","1","1","1","1","1","1","1","1","1","1","1","1","1",NA,NA
"35279000","2",1984-10-01,"1","1","0","0","0","1","1","1","1","1","0.935","2",0,0,0,0,0,0,0,0,0,0,0,0,0,0,0,0,0,0,0,0,0,0,0,0,0,0,0,0,0,0,0,"1","1","1","1","1","1","1","1","1","1","1","1","1","1","1","1","1","1","1","1","1","1","1","1","1","1","1","1","1","1","1",NA
"35279000","2",1984-11-01,"1","1","0","0","0","1","1","1","1","1","0.935","2",0,0,0,0,0,0,0,0,0,0,0,0,0,0,0,0,0,0,0,0,0,0,0,0,0,0,0,0,0,0,NA,"1","1","1","1","1","1","1","1","1","1","1","1","1","1","1","1","1","1","1","1","1","1","1","1","1","1","1","1","1","1",NA,NA
"35279000","2",1984-12-01,"1","1","0","0","0","1","1","1","1","1","0.935","2",0,0,0,0,0,0,0,0,0,0,0,0,0,0,0,0,0,0,0,0,0,0,0,0,0,0,0,0,0,0,0,"1","1","1","1","1","1","1","1","1","1","1","1","1","1","1","1","1","1","1","1","1","1","1","1","1","1","1","1","1","1","1",NA
"35279000","2",1985-01-01,"1","1","0.253","0","0.043","19","1","1","1","1","1.37","1",0,0,0,0,0,0,0,0,0,0,0,0,0,0,0,0,0,0,0.253,0.102,0.081,0.194,0.088,0.068,0.068,0.054,0.042,0.068,0.054,0.088,0.175,"1","1","1","1","1","1","1","1","1","1","1","1","1","1","1","1","1","1","1","1","1","1","1","1","1","1","1","1","1","1","1",NA
"35279000","2",1985-02-01,"1","1","8.9","0.088","0.889","26","8","1","1","1","1.37","1",0.175,0.095,0.102,0.234,0.136,0.095,0.102,0.088,0.095,0.175,0.155,0.109,0.095,1.97,0.407,0.273,0.214,0.102,0.102,0.273,0.194,0.312,0.691,3.28,1.85,8.9,1.38,3.28,NA,NA,NA,"1","1","1","1","1","1","1","1","1","1","1","1","1","1","1","1","1","1","1","1","1","1","1","1","1","1","1","1","0","0",NA,NA
"35279000","2",1985-03-01,"1","1","40.3","0.136","3.25","23","12","1","1","1","1.37","1",1.07,0.786,1.74,0.502,0.312,0.312,0.292,0.273,0.214,0.155,0.155,0.136,0.691,10.7,0.786,3.01,1.17,1.62,1.38,0.312,1.07,3.01,40.3,5.38,2.73,1.07,0.502,5.9,7.51,5.9,1.74,"1","1","1","1","1","1","1","1","1","1","1","1","1","1","1","1","1","1","1","1","1","1","1","1","1","1","1","1","1","1","1",NA
"35279000","2",1985-04-01,"1","1","57.5","0.312","10","5","26","1","1","1","1.37","1",2.33,11.4,43.1,2.73,57.5,3.7,16.6,2.45,1.38,1.85,38.1,7.71,3.42,20.7,24.6,3.14,1.85,6.59,1.97,1.17,2.21,17.7,3.14,1.26,0.502,0.312,16.6,3.99,2.33,1.07,NA,"1","1","1","1","1","1","1","1","1","1","1","1","1","1","1","1","1","1","1","1","1","1","1","1","1","1","1","1","1","1",NA,NA
"35279000","2",1985-05-01,"1","1","37.5","0.095","2.04","2","31","1","1","1","1.37","1",0.596,37.5,3.56,2.09,0.976,0.691,0.502,1.26,0.881,0.976,1.74,0.691,1.97,0.596,3.14,0.786,0.407,0.234,0.234,0.292,0.194,1.26,1.5,0.292,0.214,0.136,0.116,0.109,0.109,0.102,0.095,"1","1","1","1","1","1","1","1","1","1","1","1","1","1","1","1","1","1","1","1","1","1","1","1","1","1","1","1","1","1","1",NA
"35279000","2",1985-06-01,"1","1","0.691","0.061","0.128","14","26","1","1","1","1.37","1",0.095,0.095,0.102,0.109,0.095,0.088,0.095,0.088,0.081,0.081,0.155,0.175,0.407,0.691,0.234,0.116,0.109,0.102,0.095,0.088,0.081,0.081,0.109,0.068,0.068,0.061,0.061,0.068,0.068,0.068,NA,"1","1","1","1","1","1","1","1","1","1","1","1","1","1","1","1","1","1","1","1","1","1","1","1","1","1","1","1","1","1",NA,NA
"35279000","2",1985-07-01,"1","1","0.075","0","0.052","6","27","1","1","1","1.37","1",0.061,0.061,0.061,0.054,0.068,0.075,0.075,0.061,0.061,0.068,0.068,0.068,0.075,0.068,0.068,0.068,0.061,0.061,0.061,0.054,0.054,0.054,0.054,0.047,0.047,0.047,0,0,0,0,0,"1","1","1","1","1","1","1","1","1","1","1","1","1","1","1","1","1","1","1","1","1","1","1","1","1","1","1","1","1","1","1",NA
"35279000","2",1985-08-01,"1","1","0","0","0","1","1","1","1","1","1.37","1",0,0,0,0,0,0,0,0,0,0,0,0,0,0,0,0,0,0,0,0,0,0,0,0,0,0,0,0,0,0,0,"1","1","1","1","1","1","1","1","1","1","1","1","1","1","1","1","1","1","1","1","1","1","1","1","1","1","1","1","1","1","1",NA
"35279000","2",1985-09-01,"1","1","0","0","0","1","1","1","1","1","1.37","1",0,0,0,0,0,0,0,0,0,0,0,0,0,0,0,0,0,0,0,0,0,0,0,0,0,0,0,0,0,0,NA,"1","1","1","1","1","1","1","1","1","1","1","1","1","1","1","1","1","1","1","1","1","1","1","1","1","1","1","1","1","1",NA,NA
"35279000","2",1985-10-01,"1","1","0","0","0","1","1","1","1","1","1.37","1",0,0,0,0,0,0,0,0,0,0,0,0,0,0,0,0,0,0,0,0,0,0,0,0,0,0,0,0,0,0,0,"1","1","1","1","1","1","1","1","1","1","1","1","1","1","1","1","1","1","1","1","1","1","1","1","1","1","1","1","1","1","1",NA
"35279000","2",1985-11-01,"1","1","0","0","0","1","1","1","1","1","1.37","1",0,0,0,0,0,0,0,0,0,0,0,0,0,0,0,0,0,0,0,0,0,0,0,0,0,0,0,0,0,0,NA,"1","1","1","1","1","1","1","1","1","1","1","1","1","1","1","1","1","1","1","1","1","1","1","1","1","1","1","1","1","1",NA,NA
"35279000","2",1985-12-01,"1","1","0","0","0","1","1","1","1","1","1.37","1",0,0,0,0,0,0,0,0,0,0,0,0,0,0,0,0,0,0,0,0,0,0,0,0,0,0,0,0,0,0,0,"1","1","1","1","1","1","1","1","1","1","1","1","1","1","1","1","1","1","1","1","1","1","1","1","1","1","1","1","1","1","1",NA
"35279000","2",1986-01-01,"1","1","0","0","0","1","1","1","1","1","0.657","1",0,0,0,0,0,0,0,0,0,0,0,0,0,0,0,0,0,0,0,0,0,0,0,0,0,0,0,0,0,0,0,"1","1","1","1","1","1","1","1","1","1","1","1","1","1","1","1","1","1","1","1","1","1","1","1","1","1","1","1","1","1","1",NA
"35279000","2",1986-02-01,"1","1","0.407","0.054","0.105","17","11","1","1","1","0.657","1",0.155,0.194,0.095,0.075,0.075,0.075,0.075,0.075,0.075,0.061,0.054,0.061,0.075,0.075,0.102,0.136,0.407,0.155,0.102,0.088,0.081,0.088,0.081,0.075,0.068,0.068,0.061,0.194,NA,NA,NA,"1","1","1","1","1","1","1","1","1","1","1","1","1","1","1","1","1","1","1","1","1","1","1","1","1","1","1","1","0","0",NA,NA
"35279000","2",1986-03-01,"1","1","60.7","0.234","4.67","24","20","1","1","1","0.657","1",0.976,2.45,13.6,15.5,6.24,1.5,0.312,1.74,1.5,1.07,1.07,0.312,2.21,1.26,6.24,0.786,2.45,1.26,0.312,0.234,0.786,1.74,0.786,60.7,7.11,3.28,2.09,3.99,1.97,0.976,0.407,"1","1","1","1","1","1","1","1","1","1","1","1","1","1","1","1","1","1","1","1","1","1","1","1","1","1","1","1","1","1","1",NA
"35279000","2",1986-04-01,"1","1","16.1","0.253","2.63","30","2","1","1","1","0.657","1",0.273,0.253,1.17,0.691,0.273,1.07,0.292,0.273,0.976,0.786,0.691,11.4,1.97,2.87,5.07,1.5,0.786,0.786,8.7,4.92,1.97,2.21,2.45,2.73,2.87,1.5,0.502,0.312,3.42,16.1,NA,"1","1","1","1","1","1","1","1","1","1","1","1","1","1","1","1","1","1","1","1","1","1","1","1","1","1","1","1","1","1",NA,NA
"35279000","2",1986-05-01,"1","1","2.45","0.095","0.306","2","22","1","1","1","0.657","1",1.74,2.45,1.26,0.502,0.273,0.234,0.175,0.175,0.155,0.136,0.116,0.116,0.109,0.102,0.102,0.109,0.102,0.102,0.102,0.109,0.102,0.095,0.102,0.102,0.109,0.136,0.214,0.116,0.109,0.102,0.116,"1","1","1","1","1","1","1","1","1","1","1","1","1","1","1","1","1","1","1","1","1","1","1","1","1","1","1","1","1","1","1",NA
"35279000","2",1986-06-01,"1","1","0.214","0.075","0.1","2","23","1","1","1","0.657","1",0.155,0.214,0.175,0.155,0.116,0.116,0.109,0.102,0.095,0.095,0.088,0.088,0.088,0.088,0.095,0.095,0.088,0.081,0.088,0.088,0.081,0.081,0.075,0.081,0.081,0.081,0.075,0.075,0.081,0.081,NA,"1","1","1","1","1","1","1","1","1","1","1","1","1","1","1","1","1","1","1","1","1","1","1","1","1","1","1","1","1","1",NA,NA
"35279000","2",1986-07-01,"1","1","0.081","0.047","0.068","1","26","1","1","1","0.657","1",0.081,0.081,0.081,0.081,0.075,0.075,0.068,0.075,0.075,0.068,0.068,0.075,0.075,0.068,0.068,0.075,0.075,0.081,0.075,0.075,0.068,0.061,0.061,0.054,0.054,0.047,0.054,0.061,0.054,0.054,0.047,"1","1","1","1","1","1","1","1","1","1","1","1","1","1","1","1","1","1","1","1","1","1","1","1","1","1","1","1","1","1","1",NA
"35279000","2",1986-08-01,"1","1","0.047","0","0.003","1","3","1","1","1","0.657","1",0.047,0.047,0,0,0,0,0,0,0,0,0,0,0,0,0,0,0,0,0,0,0,0,0,0,0,0,0,0,0,0,0,"1","1","1","1","1","1","1","1","1","1","1","1","1","1","1","1","1","1","1","1","1","1","1","1","1","1","1","1","1","1","1",NA
"35279000","2",1986-09-01,"1","1","0","0","0","1","1","1","1","1","0.657","1",0,0,0,0,0,0,0,0,0,0,0,0,0,0,0,0,0,0,0,0,0,0,0,0,0,0,0,0,0,0,NA,"1","1","1","1","1","1","1","1","1","1","1","1","1","1","1","1","1","1","1","1","1","1","1","1","1","1","1","1","1","1",NA,NA
"35279000","2",1986-10-01,"1","1","0","0","0","1","1","1","1","1","0.657","1",0,0,0,0,0,0,0,0,0,0,0,0,0,0,0,0,0,0,0,0,0,0,0,0,0,0,0,0,0,0,0,"1","1","1","1","1","1","1","1","1","1","1","1","1","1","1","1","1","1","1","1","1","1","1","1","1","1","1","1","1","1","1",NA
"35279000","2",1986-11-01,"1","1","0","0","0","1","1","1","1","1","0.657","1",0,0,0,0,0,0,0,0,0,0,0,0,0,0,0,0,0,0,0,0,0,0,0,0,0,0,0,0,0,0,NA,"1","1","1","1","1","1","1","1","1","1","1","1","1","1","1","1","1","1","1","1","1","1","1","1","1","1","1","1","1","1",NA,NA
"35279000","2",1986-12-01,"1","1","0","0","0","1","1","1","1","1","0.657","1",0,0,0,0,0,0,0,0,0,0,0,0,0,0,0,0,0,0,0,0,0,0,0,0,0,0,0,0,0,0,0,"1","1","1","1","1","1","1","1","1","1","1","1","1","1","1","1","1","1","1","1","1","1","1","1","1","1","1","1","1","1","1",NA
"35279000","2",1987-01-01,"1","1","0","0","0","1","1","1","1","1","0.029","1",0,0,0,0,0,0,0,0,0,0,0,0,0,0,0,0,0,0,0,0,0,0,0,0,0,0,0,0,0,0,0,"1","1","1","1","1","1","1","1","1","1","1","1","1","1","1","1","1","1","1","1","1","1","1","1","1","1","1","1","1","1","1",NA
"35279000","2",1987-02-01,"1","1","0","0","0","1","1","1","1","1","0.029","1",0,0,0,0,0,0,0,0,0,0,0,0,0,0,0,0,0,0,0,0,0,0,0,0,0,0,0,0,NA,NA,NA,"1","1","1","1","1","1","1","1","1","1","1","1","1","1","1","1","1","1","1","1","1","1","1","1","1","1","1","1","0","0",NA,NA
"35279000","2",1987-03-01,"1","1","2.21","0","0.276","24","1","1","1","1","0.029","1",0,0,0,0,0,0,0,0,0,0,0.234,0.075,0.075,0.175,0.081,0.116,0.116,0.102,0.214,0.155,0.102,0.088,0.081,2.21,1.38,0.234,0.786,0.312,0.214,0.175,1.62,"1","1","1","1","1","1","1","1","1","1","1","1","1","1","1","1","1","1","1","1","1","1","1","1","1","1","1","1","1","1","1",NA
"35279000","2",1987-04-01,"1","1","0.194","0","0.069","1","23","1","1","1","0.029","1",0.194,0.136,0.116,0.109,0.116,0.109,0.102,0.095,0.088,0.088,0.116,0.102,0.095,0.088,0.075,0.075,0.068,0.068,0.061,0.061,0.054,0.047,0,0,0,0,0,0,0,0,NA,"1","1","1","1","1","1","1","1","1","1","1","1","1","1","1","1","1","1","1","1","1","1","1","1","1","1","1","1","1","1",NA,NA
"35279000","2",1987-05-01,"1","1","0","0","0","1","1","1","1","1","0.029","1",0,0,0,0,0,0,0,0,0,0,0,0,0,0,0,0,0,0,0,0,0,0,0,0,0,0,0,0,0,0,0,"1","1","1","1","1","1","1","1","1","1","1","1","1","1","1","1","1","1","1","1","1","1","1","1","1","1","1","1","1","1","1",NA
"35279000","2",1987-06-01,"1","1","0","0","0","1","1","1","1","1","0.029","1",0,0,0,0,0,0,0,0,0,0,0,0,0,0,0,0,0,0,0,0,0,0,0,0,0,0,0,0,0,0,NA,"1","1","1","1","1","1","1","1","1","1","1","1","1","1","1","1","1","1","1","1","1","1","1","1","1","1","1","1","1","1",NA,NA
"35279000","2",1987-07-01,"1","1","0","0","0","1","1","1","1","1","0.029","1",0,0,0,0,0,0,0,0,0,0,0,0,0,0,0,0,0,0,0,0,0,0,0,0,0,0,0,0,0,0,0,"1","1","1","1","1","1","1","1","1","1","1","1","1","1","1","1","1","1","1","1","1","1","1","1","1","1","1","1","1","1","1",NA
"35279000","2",1987-08-01,"1","1","0","0","0","1","1","1","1","1","0.029","1",0,0,0,0,0,0,0,0,0,0,0,0,0,0,0,0,0,0,0,0,0,0,0,0,0,0,0,0,0,0,0,"1","1","1","1","1","1","1","1","1","1","1","1","1","1","1","1","1","1","1","1","1","1","1","1","1","1","1","1","1","1","1",NA
"35279000","2",1987-09-01,"1","1","0","0","0","1","1","1","1","1","0.029","1",0,0,0,0,0,0,0,0,0,0,0,0,0,0,0,0,0,0,0,0,0,0,0,0,0,0,0,0,0,0,NA,"1","1","1","1","1","1","1","1","1","1","1","1","1","1","1","1","1","1","1","1","1","1","1","1","1","1","1","1","1","1",NA,NA
"35279000","2",1987-10-01,"1","1","0","0","0","1","1","1","1","1","0.029","1",0,0,0,0,0,0,0,0,0,0,0,0,0,0,0,0,0,0,0,0,0,0,0,0,0,0,0,0,0,0,0,"1","1","1","1","1","1","1","1","1","1","1","1","1","1","1","1","1","1","1","1","1","1","1","1","1","1","1","1","1","1","1",NA
"35279000","2",1987-11-01,"1","1","0","0","0","1","1","1","1","1","0.029","1",0,0,0,0,0,0,0,0,0,0,0,0,0,0,0,0,0,0,0,0,0,0,0,0,0,0,0,0,0,0,NA,"1","1","1","1","1","1","1","1","1","1","1","1","1","1","1","1","1","1","1","1","1","1","1","1","1","1","1","1","1","1",NA,NA
"35279000","2",1987-12-01,"1","1","0","0","0","1","1","1","1","1","0.029","1",0,0,0,0,0,0,0,0,0,0,0,0,0,0,0,0,0,0,0,0,0,0,0,0,0,0,0,0,0,0,0,"1","1","1","1","1","1","1","1","1","1","1","1","1","1","1","1","1","1","1","1","1","1","1","1","1","1","1","1","1","1","1",NA
"35279000","2",1988-01-01,"1","1","0","0","0","1","1","1","1","1","0.234","2",0,0,0,0,0,0,0,0,0,0,0,0,0,0,0,0,0,0,0,0,0,0,0,0,0,0,0,0,0,0,0,"1","1","1","1","1","1","1","1","1","1","1","1","1","1","1","1","1","1","1","1","1","1","1","1","1","1","1","1","1","1","1",NA
"35279000","2",1988-02-01,"1","1","3.01","0","0.238","13","1","1","1","1","0.234","2",0,0,0,0,0,0,0,0,0,0,0,0,3.01,0.095,0.068,0.407,0.136,0.109,0.095,0.081,0.068,0.061,0.075,0.175,0.273,1.85,0.175,0.116,0.102,NA,NA,"1","1","1","1","1","1","1","1","1","1","1","1","1","1","1","1","1","1","1","1","1","1","1","1","1","1","1","1","1","0",NA,NA
"35279000","2",1988-03-01,"1","1","0.088","0.047","0.062","1","14","1","1","1","0.234","2",0.088,0.081,0.075,0.068,0.068,0.075,0.068,0.054,0.054,0.088,0.075,0.068,0.061,0.047,0.054,0.061,0.054,0.047,0.061,0.075,0.068,0.061,0.061,0.054,0.054,0.054,0.047,0.047,0.047,0.054,0.061,"1","1","1","1","1","1","1","1","1","1","1","1","1","1","1","1","1","1","1","1","1","1","1","1","1","1","1","1","1","1","1",NA
"35279000","2",1988-04-01,"1","1","8.9","0.045","1.24","26","4","2","2","2","0.234","2",0.05,0.05,0.05,0.045,0.045,0.045,0.045,0.102,0.075,0.061,0.054,0.088,0.116,0.116,1.17,0.786,7.91,1.97,1.62,3.99,0.596,0.292,0.407,0.292,1.17,8.9,1.26,4.61,0.786,0.407,NA,"2","2","2","2","2","2","2","1","1","1","1","1","1","1","1","1","1","1","1","1","1","1","1","1","1","1","1","1","1","1",NA,NA
"35279000","2",1988-05-01,"1","1","6.76","0.102","1.01","4","29","1","1","1","0.234","2",2.45,4.61,0.691,6.76,1.97,0.786,0.976,0.312,0.292,0.253,4.3,2.73,0.881,0.407,0.596,1.07,0.273,0.175,0.214,0.175,0.155,0.155,0.155,0.194,0.155,0.136,0.116,0.109,0.102,0.116,0.116,"1","1","1","1","1","1","1","1","1","1","1","1","1","1","1","1","1","1","1","1","1","1","1","1","1","1","1","1","1","1","1",NA
"35279000","2",1988-06-01,"1","1","1.62","0.081","0.17","25","19","1","1","1","0.234","2",0.109,0.102,0.102,0.102,0.102,0.102,0.095,0.088,0.102,0.116,0.102,0.095,0.095,0.088,0.088,0.102,0.102,0.095,0.081,0.081,0.088,0.088,0.088,0.088,1.62,0.502,0.253,0.175,0.136,0.116,NA,"1","1","1","1","1","1","1","1","1","1","1","1","1","1","1","1","1","1","1","1","1","1","1","1","1","1","1","1","1","1",NA,NA
"35279000","2",1988-07-01,"1","1","0.116","0.047","0.086","1","27","1","1","1","0.234","2",0.116,0.116,0.116,0.109,0.102,0.102,0.095,0.095,0.095,0.095,0.116,0.102,0.095,0.088,0.081,0.081,0.081,0.081,0.088,0.081,0.075,0.075,0.068,0.068,0.061,0.054,0.047,0.054,0.068,0.075,0.081,"1","1","1","1","1","1","1","1","1","1","1","1","1","1","1","1","1","1","1","1","1","1","1","1","1","1","1","1","1","1","1",NA
"35279000","2",1988-08-01,"1","1","0","0","0","1","1","1","1","1","0.234","2",0,0,0,0,0,0,0,0,0,0,0,0,0,0,0,0,0,0,0,0,0,0,0,0,0,0,0,0,0,0,0,"1","1","1","1","1","1","1","1","1","1","1","1","1","1","1","1","1","1","1","1","1","1","1","1","1","1","1","1","1","1","1",NA
"35279000","2",1988-09-01,"1","1","0","0","0","1","1","1","1","1","0.234","2",0,0,0,0,0,0,0,0,0,0,0,0,0,0,0,0,0,0,0,0,0,0,0,0,0,0,0,0,0,0,NA,"1","1","1","1","1","1","1","1","1","1","1","1","1","1","1","1","1","1","1","1","1","1","1","1","1","1","1","1","1","1",NA,NA
"35279000","2",1988-10-01,"1","1","0","0","0","1","1","1","1","1","0.234","2",0,0,0,0,0,0,0,0,0,0,0,0,0,0,0,0,0,0,0,0,0,0,0,0,0,0,0,0,0,0,0,"1","1","1","1","1","1","1","1","1","1","1","1","1","1","1","1","1","1","1","1","1","1","1","1","1","1","1","1","1","1","1",NA
"35279000","2",1988-11-01,"1","1","0","0","0","1","1","1","1","1","0.234","2",0,0,0,0,0,0,0,0,0,0,0,0,0,0,0,0,0,0,0,0,0,0,0,0,0,0,0,0,0,0,NA,"1","1","1","1","1","1","1","1","1","1","1","1","1","1","1","1","1","1","1","1","1","1","1","1","1","1","1","1","1","1",NA,NA
"35279000","2",1988-12-01,"1","1","0","0","0","1","1","1","1","1","0.234","2",0,0,0,0,0,0,0,0,0,0,0,0,0,0,0,0,0,0,0,0,0,0,0,0,0,0,0,0,0,0,0,"1","1","1","1","1","1","1","1","1","1","1","1","1","1","1","1","1","1","1","1","1","1","1","1","1","1","1","1","1","1","1",NA
"35279000","2",1989-01-01,"1","1","0.407","0","0.03","26","1","1","1","1","0.203","1",0,0,0,0,0,0,0,0,0,0,0,0,0,0,0,0,0,0,0,0,0,0,0,0,0,0.407,0.116,0.109,0.109,0.095,0.095,"1","1","1","1","1","1","1","1","1","1","1","1","1","1","1","1","1","1","1","1","1","1","1","1","1","1","1","1","1","1","1",NA
"35279000","2",1989-02-01,"1","1","0","0","0","1","1","1","1","1","0.203","1",0,0,0,0,0,0,0,0,0,0,0,0,0,0,0,0,0,0,0,0,0,0,0,0,0,0,0,0,NA,NA,NA,"1","1","1","1","1","1","1","1","1","1","1","1","1","1","1","1","1","1","1","1","1","1","1","1","1","1","1","1","0","0",NA,NA
"35279000","2",1989-03-01,"1","1","1.5","0","0.136","25","1","1","1","1","0.203","1",0,0,0,0,0,0,0,0,0,0,0,0,0,0,0,0,0.273,0.095,0.136,0.116,0.102,0.116,0.273,0.214,1.5,0.596,0.253,0.136,0.136,0.116,0.155,"1","1","1","1","1","1","1","1","1","1","1","1","1","1","1","1","1","1","1","1","1","1","1","1","1","1","1","1","1","1","1",NA
"35279000","2",1989-04-01,"1","1","8.1","0.155","1.44","26","15","1","1","1","0.203","1",0.175,1.5,0.407,0.312,4.92,0.786,1.17,1.62,1.38,0.253,0.292,0.234,0.194,0.175,0.155,0.234,0.253,0.234,0.175,0.175,0.175,0.155,5.73,1.07,2.45,8.1,4.3,2.09,0.881,3.7,NA,"1","1","1","1","1","1","1","1","1","1","1","1","1","1","1","1","1","1","1","1","1","1","1","1","1","1","1","1","1","1",NA,NA
"35279000","2",1989-05-01,"1","1","4.76","0.109","0.643","1","26","1","1","1","0.203","1",4.76,1.26,2.33,1.17,1.17,0.407,0.292,0.234,0.292,0.881,1.62,1.07,0.691,0.292,0.976,0.214,0.234,0.214,0.175,0.194,0.194,0.155,0.136,0.136,0.116,0.109,0.109,0.109,0.155,0.136,0.116,"1","1","1","1","1","1","1","1","1","1","1","1","1","1","1","1","1","1","1","1","1","1","1","1","1","1","1","1","1","1","1",NA
"35279000","2",1989-06-01,"1","1","0.116","0.061","0.081","2","23","1","1","1","0.203","1",0.109,0.116,0.116,0.109,0.102,0.102,0.095,0.088,0.081,0.075,0.088,0.081,0.081,0.075,0.075,0.075,0.068,0.075,0.075,0.068,0.068,0.068,0.061,0.068,0.068,0.068,0.068,0.068,0.068,0.068,NA,"1","1","1","1","1","1","1","1","1","1","1","1","1","1","1","1","1","1","1","1","1","1","1","1","1","1","1","1","1","1",NA,NA
"35279000","2",1989-07-01,"1","1","0.081","0.047","0.063","6","25","1","1","1","0.203","1",0.068,0.068,0.068,0.068,0.068,0.081,0.075,0.068,0.081,0.075,0.075,0.075,0.068,0.068,0.068,0.068,0.068,0.068,0.068,0.061,0.061,0.061,0.054,0.054,0.047,0.047,0.047,0.047,0.047,0.047,0.047,"1","1","1","1","1","1","1","1","1","1","1","1","1","1","1","1","1","1","1","1","1","1","1","1","1","1","1","1","1","1","1",NA
"35279000","2",1989-08-01,"1","1","0","0","0","1","1","1","1","1","0.203","1",0,0,0,0,0,0,0,0,0,0,0,0,0,0,0,0,0,0,0,0,0,0,0,0,0,0,0,0,0,0,0,"1","1","1","1","1","1","1","1","1","1","1","1","1","1","1","1","1","1","1","1","1","1","1","1","1","1","1","1","1","1","1",NA
"35279000","2",1989-09-01,"1","1","0","0","0","1","1","1","1","1","0.203","1",0,0,0,0,0,0,0,0,0,0,0,0,0,0,0,0,0,0,0,0,0,0,0,0,0,0,0,0,0,0,NA,"1","1","1","1","1","1","1","1","1","1","1","1","1","1","1","1","1","1","1","1","1","1","1","1","1","1","1","1","1","1",NA,NA
"35279000","2",1989-10-01,"1","1","0","0","0","1","1","1","1","1","0.203","1",0,0,0,0,0,0,0,0,0,0,0,0,0,0,0,0,0,0,0,0,0,0,0,0,0,0,0,0,0,0,0,"1","1","1","1","1","1","1","1","1","1","1","1","1","1","1","1","1","1","1","1","1","1","1","1","1","1","1","1","1","1","1",NA
"35279000","2",1989-11-01,"1","1","0","0","0","1","1","1","1","1","0.203","1",0,0,0,0,0,0,0,0,0,0,0,0,0,0,0,0,0,0,0,0,0,0,0,0,0,0,0,0,0,0,NA,"1","1","1","1","1","1","1","1","1","1","1","1","1","1","1","1","1","1","1","1","1","1","1","1","1","1","1","1","1","1",NA,NA
"35279000","2",1989-12-01,"1","1","0.273","0","0.041","23","1","1","1","1","0.203","1",0,0,0,0,0,0,0,0,0,0,0,0,0,0,0,0,0,0,0,0,0,0,0.273,0.102,0.081,0.273,0.102,0.088,0.155,0.102,0.081,"1","1","1","1","1","1","1","1","1","1","1","1","1","1","1","1","1","1","1","1","1","1","1","1","1","1","1","1","1","1","1",NA
"35279000","2",1990-01-01,"1","1","0.075","0","0.005","1","3","1","1","1","0.088","1",0.075,0.068,0,0,0,0,0,0,0,0,0,0,0,0,0,0,0,0,0,0,0,0,0,0,0,0,0,0,0,0,0,"1","1","1","1","1","1","1","1","1","1","1","1","1","1","1","1","1","1","1","1","1","1","1","1","1","1","1","1","1","1","1",NA
"35279000","2",1990-02-01,"1","1","0.312","0","0.046","23","1","1","1","1","0.088","1",0,0,0,0,0,0,0,0,0,0,0,0,0,0,0,0,0,0,0,0,0,0,0.312,0.273,0.155,0.109,0.116,0.312,NA,NA,NA,"1","1","1","1","1","1","1","1","1","1","1","1","1","1","1","1","1","1","1","1","1","1","1","1","1","1","1","1","0","0",NA,NA
"35279000","2",1990-03-01,"1","1","0.691","0","0.056","3","13","1","1","1","0.088","1",0.175,0.102,0.691,0.136,0.102,0.095,0.088,0.075,0.075,0.068,0.061,0.054,0,0,0,0,0,0,0,0,0,0,0,0,0,0,0,0,0,0,0,"1","1","1","1","1","1","1","1","1","1","1","1","1","1","1","1","1","1","1","1","1","1","1","1","1","1","1","1","1","1","1",NA
"35279000","2",1990-04-01,"1","1","16.9","0","0.563","30","1","1","1","1","0.088","1",0,0,0,0,0,0,0,0,0,0,0,0,0,0,0,0,0,0,0,0,0,0,0,0,0,0,0,0,0,16.9,NA,"1","1","1","1","1","1","1","1","1","1","1","1","1","1","1","1","1","1","1","1","1","1","1","1","1","1","1","1","1","1",NA,NA
"35279000","2",1990-05-01,"1","1","8.1","0","0.38","3","19","1","1","1","0.088","1",0.976,0.214,8.1,0.691,0.292,0.194,0.175,0.155,0.116,0.109,0.102,0.095,0.095,0.095,0.102,0.095,0.088,0.081,0,0,0,0,0,0,0,0,0,0,0,0,0,"1","1","1","1","1","1","1","1","1","1","1","1","1","1","1","1","1","1","1","1","1","1","1","1","1","1","1","1","1","1","1",NA
"35279000","2",1990-06-01,"1","1","0","0","0","1","1","1","1","1","0.088","1",0,0,0,0,0,0,0,0,0,0,0,0,0,0,0,0,0,0,0,0,0,0,0,0,0,0,0,0,0,0,NA,"1","1","1","1","1","1","1","1","1","1","1","1","1","1","1","1","1","1","1","1","1","1","1","1","1","1","1","1","1","1",NA,NA
"35279000","2",1990-07-01,"1","1","0","0","0","1","1","1","1","1","0.088","1",0,0,0,0,0,0,0,0,0,0,0,0,0,0,0,0,0,0,0,0,0,0,0,0,0,0,0,0,0,0,0,"1","1","1","1","1","1","1","1","1","1","1","1","1","1","1","1","1","1","1","1","1","1","1","1","1","1","1","1","1","1","1",NA
"35279000","2",1990-08-01,"1","1","0","0","0","1","1","1","1","1","0.088","1",0,0,0,0,0,0,0,0,0,0,0,0,0,0,0,0,0,0,0,0,0,0,0,0,0,0,0,0,0,0,0,"1","1","1","1","1","1","1","1","1","1","1","1","1","1","1","1","1","1","1","1","1","1","1","1","1","1","1","1","1","1","1",NA
"35279000","2",1990-09-01,"1","1","0","0","0","1","1","1","1","1","0.088","1",0,0,0,0,0,0,0,0,0,0,0,0,0,0,0,0,0,0,0,0,0,0,0,0,0,0,0,0,0,0,NA,"1","1","1","1","1","1","1","1","1","1","1","1","1","1","1","1","1","1","1","1","1","1","1","1","1","1","1","1","1","1",NA,NA
"35279000","2",1990-10-01,"1","1","0","0","0","1","1","1","1","1","0.088","1",0,0,0,0,0,0,0,0,0,0,0,0,0,0,0,0,0,0,0,0,0,0,0,0,0,0,0,0,0,0,0,"1","1","1","1","1","1","1","1","1","1","1","1","1","1","1","1","1","1","1","1","1","1","1","1","1","1","1","1","1","1","1",NA
"35279000","2",1990-11-01,"1","1","0","0","0","1","1","1","1","1","0.088","1",0,0,0,0,0,0,0,0,0,0,0,0,0,0,0,0,0,0,0,0,0,0,0,0,0,0,0,0,0,0,NA,"1","1","1","1","1","1","1","1","1","1","1","1","1","1","1","1","1","1","1","1","1","1","1","1","1","1","1","1","1","1",NA,NA
"35279000","2",1990-12-01,"1","1","0","0","0","1","1","1","1","1","0.088","1",0,0,0,0,0,0,0,0,0,0,0,0,0,0,0,0,0,0,0,0,0,0,0,0,0,0,0,0,0,0,0,"1","1","1","1","1","1","1","1","1","1","1","1","1","1","1","1","1","1","1","1","1","1","1","1","1","1","1","1","1","1","1",NA
"35279000","2",1991-01-01,"1","1","0","0","0","1","1","1","1","1","0.171","1",0,0,0,0,0,0,0,0,0,0,0,0,0,0,0,0,0,0,0,0,0,0,0,0,0,0,0,0,0,0,0,"1","1","1","1","1","1","1","1","1","1","1","1","1","1","1","1","1","1","1","1","1","1","1","1","1","1","1","1","1","1","1",NA
"35279000","2",1991-02-01,"1","1","5.38","0","0.235","6","1","1","1","1","0.171","1",0,0,0,0,0,5.38,0.253,0.136,0.109,0.095,0,0,0,0,0,0.116,0.102,0,0,0,0,0,0.155,0.136,0.109,0,0,0,NA,NA,NA,"1","1","1","1","1","1","1","1","1","1","1","1","1","1","1","1","1","1","1","1","1","1","1","1","1","1","1","1","0","0",NA,NA
"35279000","2",1991-03-01,"1","1","20.3","0","1.32","31","1","1","1","1","0.171","1",0,0,0,0,0,0,0,0,0,0,0,0,0,0,0.786,0.234,0.175,0.194,0.155,0.116,0.102,0.095,0.102,0.502,0.214,0.136,2.45,13,1.74,0.502,20.3,"1","1","1","1","1","1","1","1","1","1","1","1","1","1","1","1","1","1","1","1","1","1","1","1","1","1","1","1","1","1","1",NA
"35279000","2",1991-04-01,"1","1","1.74","0.075","0.301","13","25","1","1","1","0.171","1",1.26,0.596,0.976,0.407,0.596,0.253,0.175,0.194,0.136,0.116,0.116,0.109,1.74,0.253,0.155,0.116,0.194,0.102,0.102,0.102,0.095,0.088,0.088,0.082,0.075,0.075,0.075,0.075,0.273,0.407,NA,"1","1","1","1","1","1","1","1","1","1","1","1","1","1","1","1","1","1","1","1","1","1","1","1","1","1","1","1","1","1",NA,NA
"35279000","2",1991-05-01,"1","1","2.21","0.054","0.189","3","28","1","1","1","0.171","1",0.407,0.273,2.21,0.502,0.234,0.194,0.136,0.116,0.116,0.109,0.095,0.088,0.082,0.082,0.102,0.088,0.075,0.075,0.068,0.075,0.068,0.061,0.061,0.095,0.075,0.068,0.061,0.054,0.061,0.061,0.054,"1","1","1","1","1","1","1","1","1","1","1","1","1","1","1","1","1","1","1","1","1","1","1","1","1","1","1","1","1","1","1",NA
"35279000","2",1991-06-01,"1","1","0.054","0","0.007","1","5","1","1","1","0.171","1",0.054,0.054,0.054,0.054,0,0,0,0,0,0,0,0,0,0,0,0,0,0,0,0,0,0,0,0,0,0,0,0,0,0,NA,"1","1","1","1","1","1","1","1","1","1","1","1","1","1","1","1","1","1","1","1","1","1","1","1","1","1","1","1","1","1",NA,NA
"35279000","2",1991-07-01,"1","1","0","0","0","1","1","1","1","1","0.171","1",0,0,0,0,0,0,0,0,0,0,0,0,0,0,0,0,0,0,0,0,0,0,0,0,0,0,0,0,0,0,0,"1","1","1","1","1","1","1","1","1","1","1","1","1","1","1","1","1","1","1","1","1","1","1","1","1","1","1","1","1","1","1",NA
"35279000","2",1991-08-01,"1","1","0","0","0","1","1","1","1","1","0.171","1",0,0,0,0,0,0,0,0,0,0,0,0,0,0,0,0,0,0,0,0,0,0,0,0,0,0,0,0,0,0,0,"1","1","1","1","1","1","1","1","1","1","1","1","1","1","1","1","1","1","1","1","1","1","1","1","1","1","1","1","1","1","1",NA
"35279000","2",1991-09-01,"1","1","0","0","0","1","1","1","1","1","0.171","1",0,0,0,0,0,0,0,0,0,0,0,0,0,0,0,0,0,0,0,0,0,0,0,0,0,0,0,0,0,0,NA,"1","1","1","1","1","1","1","1","1","1","1","1","1","1","1","1","1","1","1","1","1","1","1","1","1","1","1","1","1","1",NA,NA
"35279000","2",1991-10-01,"1","1","0","0","0","1","1","1","1","1","0.171","1",0,0,0,0,0,0,0,0,0,0,0,0,0,0,0,0,0,0,0,0,0,0,0,0,0,0,0,0,0,0,0,"1","1","1","1","1","1","1","1","1","1","1","1","1","1","1","1","1","1","1","1","1","1","1","1","1","1","1","1","1","1","1",NA
"35279000","2",1991-11-01,"1","1","0","0","0","1","1","1","1","1","0.171","1",0,0,0,0,0,0,0,0,0,0,0,0,0,0,0,0,0,0,0,0,0,0,0,0,0,0,0,0,0,0,NA,"1","1","1","1","1","1","1","1","1","1","1","1","1","1","1","1","1","1","1","1","1","1","1","1","1","1","1","1","1","1",NA,NA
"35279000","2",1991-12-01,"1","1","0","0","0","1","1","1","1","1","0.171","1",0,0,0,0,0,0,0,0,0,0,0,0,0,0,0,0,0,0,0,0,0,0,0,0,0,0,0,0,0,0,0,"1","1","1","1","1","1","1","1","1","1","1","1","1","1","1","1","1","1","1","1","1","1","1","1","1","1","1","1","1","1","1",NA
"35279000","2",1992-01-01,"1","1","1.07","0","0.05","31","1","1","1","1","0.03","1",0,0,0,0,0,0,0,0,0,0,0,0,0,0,0,0,0,0,0,0,0,0,0,0,0,0,0,0.312,0.102,0.075,1.07,"1","1","1","1","1","1","1","1","1","1","1","1","1","1","1","1","1","1","1","1","1","1","1","1","1","1","1","1","1","1","1",NA
"35279000","2",1992-02-01,"1","1","0.109","0","0.039","1","5","1","1","1","0.03","1",0.109,0.095,0.082,0.075,0,0,0,0,0,0,0.075,0.068,0.068,0,0,0,0,0,0.109,0.088,0.088,0.109,0.095,0.068,0,0,0,0,0,NA,NA,"1","1","1","1","1","1","1","1","1","1","1","1","1","1","1","1","1","1","1","1","1","1","1","1","1","1","1","1","1","0",NA,NA
"35279000","2",1992-03-01,"1","1","5.73","0","0.265","20","1","1","1","1","0.03","1",0,0,0,0,0,0,0,0,0,0,0,0,0,0,0,0,0,0,0,5.73,0.976,0.273,0.109,0.095,0.175,0.109,0.095,0.136,0.175,0.136,0.194,"1","1","1","1","1","1","1","1","1","1","1","1","1","1","1","1","1","1","1","1","1","1","1","1","1","1","1","1","1","1","1",NA
"35279000","2",1992-04-01,"1","1","0.088","0","0.009","1","4","1","1","1","0.03","1",0.088,0.088,0.082,0,0,0,0,0,0,0,0,0,0,0,0,0,0,0,0,0,0,0,0,0,0,0,0,0,0,0,NA,"1","1","1","1","1","1","1","1","1","1","1","1","1","1","1","1","1","1","1","1","1","1","1","1","1","1","1","1","1","1",NA,NA
"35279000","2",1992-05-01,"1","1","0","0","0","1","1","1","1","1","0.03","1",0,0,0,0,0,0,0,0,0,0,0,0,0,0,0,0,0,0,0,0,0,0,0,0,0,0,0,0,0,0,0,"1","1","1","1","1","1","1","1","1","1","1","1","1","1","1","1","1","1","1","1","1","1","1","1","1","1","1","1","1","1","1",NA
"35279000","2",1992-06-01,"1","1","0","0","0","1","1","1","1","1","0.03","1",0,0,0,0,0,0,0,0,0,0,0,0,0,0,0,0,0,0,0,0,0,0,0,0,0,0,0,0,0,0,NA,"1","1","1","1","1","1","1","1","1","1","1","1","1","1","1","1","1","1","1","1","1","1","1","1","1","1","1","1","1","1",NA,NA
"35279000","2",1992-07-01,"1","1","0","0","0","1","1","1","1","1","0.03","1",0,0,0,0,0,0,0,0,0,0,0,0,0,0,0,0,0,0,0,0,0,0,0,0,0,0,0,0,0,0,0,"1","1","1","1","1","1","1","1","1","1","1","1","1","1","1","1","1","1","1","1","1","1","1","1","1","1","1","1","1","1","1",NA
"35279000","2",1992-08-01,"1","1","0","0","0","1","1","1","1","1","0.03","1",0,0,0,0,0,0,0,0,0,0,0,0,0,0,0,0,0,0,0,0,0,0,0,0,0,0,0,0,0,0,0,"1","1","1","1","1","1","1","1","1","1","1","1","1","1","1","1","1","1","1","1","1","1","1","1","1","1","1","1","1","1","1",NA
"35279000","2",1992-09-01,"1","1","0","0","0","1","1","1","1","1","0.03","1",0,0,0,0,0,0,0,0,0,0,0,0,0,0,0,0,0,0,0,0,0,0,0,0,0,0,0,0,0,0,NA,"1","1","1","1","1","1","1","1","1","1","1","1","1","1","1","1","1","1","1","1","1","1","1","1","1","1","1","1","1","1",NA,NA
"35279000","2",1992-10-01,"1","1","0","0","0","1","1","1","1","1","0.03","1",0,0,0,0,0,0,0,0,0,0,0,0,0,0,0,0,0,0,0,0,0,0,0,0,0,0,0,0,0,0,0,"1","1","1","1","1","1","1","1","1","1","1","1","1","1","1","1","1","1","1","1","1","1","1","1","1","1","1","1","1","1","1",NA
"35279000","2",1992-11-01,"1","1","0","0","0","1","1","1","1","1","0.03","1",0,0,0,0,0,0,0,0,0,0,0,0,0,0,0,0,0,0,0,0,0,0,0,0,0,0,0,0,0,0,NA,"1","1","1","1","1","1","1","1","1","1","1","1","1","1","1","1","1","1","1","1","1","1","1","1","1","1","1","1","1","1",NA,NA
"35279000","2",1992-12-01,"1","1","0","0","0","1","1","1","1","1","0.03","1",0,0,0,0,0,0,0,0,0,0,0,0,0,0,0,0,0,0,0,0,0,0,0,0,0,0,0,0,0,0,0,"1","1","1","1","1","1","1","1","1","1","1","1","1","1","1","1","1","1","1","1","1","1","1","1","1","1","1","1","1","1","1",NA
"35279000","2",1993-01-01,"1","1","0","0","0","1","1","1","1","1","0","1",0,0,0,0,0,0,0,0,0,0,0,0,0,0,0,0,0,0,0,0,0,0,0,0,0,0,0,0,0,0,0,"1","1","1","1","1","1","1","1","1","1","1","1","1","1","1","1","1","1","1","1","1","1","1","1","1","1","1","1","1","1","1",NA
"35279000","2",1993-02-01,"1","1","0","0","0","1","1","1","1","1","0","1",0,0,0,0,0,0,0,0,0,0,0,0,0,0,0,0,0,0,0,0,0,0,0,0,0,0,0,0,NA,NA,NA,"1","1","1","1","1","1","1","1","1","1","1","1","1","1","1","1","1","1","1","1","1","1","1","1","1","1","1","1","0","0",NA,NA
"35279000","2",1993-03-01,"1","1","0","0","0","1","1","1","1","1","0","1",0,0,0,0,0,0,0,0,0,0,0,0,0,0,0,0,0,0,0,0,0,0,0,0,0,0,0,0,0,0,0,"1","1","1","1","1","1","1","1","1","1","1","1","1","1","1","1","1","1","1","1","1","1","1","1","1","1","1","1","1","1","1",NA
"35279000","2",1993-04-01,"1","1","0","0","0","1","1","1","1","1","0","1",0,0,0,0,0,0,0,0,0,0,0,0,0,0,0,0,0,0,0,0,0,0,0,0,0,0,0,0,0,0,NA,"1","1","1","1","1","1","1","1","1","1","1","1","1","1","1","1","1","1","1","1","1","1","1","1","1","1","1","1","1","1",NA,NA
"35279000","2",1993-05-01,"1","1","0","0","0","1","1","1","1","1","0","1",0,0,0,0,0,0,0,0,0,0,0,0,0,0,0,0,0,0,0,0,0,0,0,0,0,0,0,0,0,0,0,"1","1","1","1","1","1","1","1","1","1","1","1","1","1","1","1","1","1","1","1","1","1","1","1","1","1","1","1","1","1","1",NA
"35279000","2",1993-06-01,"1","1","0","0","0","1","1","1","1","1","0","1",0,0,0,0,0,0,0,0,0,0,0,0,0,0,0,0,0,0,0,0,0,0,0,0,0,0,0,0,0,0,NA,"1","1","1","1","1","1","1","1","1","1","1","1","1","1","1","1","1","1","1","1","1","1","1","1","1","1","1","1","1","1",NA,NA
"35279000","2",1993-07-01,"1","1","0","0","0","1","1","1","1","1","0","1",0,0,0,0,0,0,0,0,0,0,0,0,0,0,0,0,0,0,0,0,0,0,0,0,0,0,0,0,0,0,0,"1","1","1","1","1","1","1","1","1","1","1","1","1","1","1","1","1","1","1","1","1","1","1","1","1","1","1","1","1","1","1",NA
"35279000","2",1993-08-01,"1","1","0","0","0","1","1","1","1","1","0","1",0,0,0,0,0,0,0,0,0,0,0,0,0,0,0,0,0,0,0,0,0,0,0,0,0,0,0,0,0,0,0,"1","1","1","1","1","1","1","1","1","1","1","1","1","1","1","1","1","1","1","1","1","1","1","1","1","1","1","1","1","1","1",NA
"35279000","2",1993-09-01,"1","1","0","0","0","1","1","1","1","1","0","1",0,0,0,0,0,0,0,0,0,0,0,0,0,0,0,0,0,0,0,0,0,0,0,0,0,0,0,0,0,0,NA,"1","1","1","1","1","1","1","1","1","1","1","1","1","1","1","1","1","1","1","1","1","1","1","1","1","1","1","1","1","1",NA,NA
"35279000","2",1993-10-01,"1","1","0","0","0","1","1","1","1","1","0","1",0,0,0,0,0,0,0,0,0,0,0,0,0,0,0,0,0,0,0,0,0,0,0,0,0,0,0,0,0,0,0,"1","1","1","1","1","1","1","1","1","1","1","1","1","1","1","1","1","1","1","1","1","1","1","1","1","1","1","1","1","1","1",NA
"35279000","2",1993-11-01,"1","1","0","0","0","1","1","1","1","1","0","1",0,0,0,0,0,0,0,0,0,0,0,0,0,0,0,0,0,0,0,0,0,0,0,0,0,0,0,0,0,0,NA,"1","1","1","1","1","1","1","1","1","1","1","1","1","1","1","1","1","1","1","1","1","1","1","1","1","1","1","1","1","1",NA,NA
"35279000","2",1993-12-01,"1","1","0","0","0","1","1","1","1","1","0","1",0,0,0,0,0,0,0,0,0,0,0,0,0,0,0,0,0,0,0,0,0,0,0,0,0,0,0,0,0,0,0,"1","1","1","1","1","1","1","1","1","1","1","1","1","1","1","1","1","1","1","1","1","1","1","1","1","1","1","1","1","1","1",NA
"35279000","2",1994-01-01,"1","1","0","0","0","1","1","1","1","1","0.519","1",0,0,0,0,0,0,0,0,0,0,0,0,0,0,0,0,0,0,0,0,0,0,0,0,0,0,0,0,0,0,0,"1","1","1","1","1","1","1","1","1","1","1","1","1","1","1","1","1","1","1","1","1","1","1","1","1","1","1","1","1","1","1",NA
"35279000","2",1994-02-01,"1","1","11.2","0","0.646","25","1","1","1","1","0.519","1",0,0,0,0,0,0,0,0,0,0,0,0,0,0,0,0,0,0,0,0,0,0,0,1.26,11.2,4.3,1.07,0.253,NA,NA,NA,"1","1","1","1","1","1","1","1","1","1","1","1","1","1","1","1","1","1","1","1","1","1","1","1","1","1","1","1","0","0",NA,NA
"35279000","2",1994-03-01,"1","1","8.5","0.136","1.07","17","3","1","1","1","0.519","1",0.175,0.155,0.136,0.214,0.273,0.234,0.273,0.312,0.786,0.786,0.292,7.11,2.33,1.38,0.292,0.253,8.5,1.07,0.292,0.253,0.175,3.15,2.21,0.976,0.273,0.234,0.234,0.253,0.234,0.234,0.214,"1","1","1","1","1","1","1","1","1","1","1","1","1","1","1","1","1","1","1","1","1","1","1","1","1","1","1","1","1","1","1",NA
"35279000","2",1994-04-01,"1","1","43.6","0.109","3.9","7","26","1","1","1","0.519","1",0.194,7.71,10.9,2.87,0.786,1.26,43.6,6.94,3.56,2.87,2.59,2.21,1.74,1.17,0.786,0.596,0.407,0.312,0.292,0.253,0.234,0.214,0.175,0.136,0.116,0.109,8.3,12.8,2.45,1.38,NA,"1","1","1","1","1","1","1","1","1","1","1","1","1","1","1","1","1","1","1","1","1","1","1","1","1","1","1","1","1","1",NA,NA
"35279000","2",1994-05-01,"1","1","1.86","0.116","0.468","13","31","1","1","1","0.519","1",0.976,0.312,0.234,0.253,1.07,1.07,0.292,0.253,0.234,0.292,0.273,0.273,1.86,1.5,0.596,0.407,0.312,0.273,0.273,0.234,0.596,0.881,0.502,0.273,0.253,0.214,0.214,0.175,0.155,0.136,0.116,"1","1","1","1","1","1","1","1","1","1","1","1","1","1","1","1","1","1","1","1","1","1","1","1","1","1","1","1","1","1","1",NA
"35279000","2",1994-06-01,"1","1","0.175","0.102","0.134","14","8","1","1","1","0.519","1",0.116,0.116,0.116,0.116,0.109,0.109,0.109,0.102,0.109,0.155,0.155,0.155,0.136,0.175,0.175,0.155,0.155,0.155,0.136,0.136,0.155,0.155,0.155,0.136,0.136,0.136,0.116,0.116,0.116,0.109,NA,"1","1","1","1","1","1","1","1","1","1","1","1","1","1","1","1","1","1","1","1","1","1","1","1","1","1","1","1","1","1",NA,NA
"35279000","2",1994-07-01,"1","1","0.109","0","0.014","1","5","1","1","1","0.519","1",0.109,0.109,0.102,0.102,0,0,0,0,0,0,0,0,0,0,0,0,0,0,0,0,0,0,0,0,0,0,0,0,0,0,0,"1","1","1","1","1","1","1","1","1","1","1","1","1","1","1","1","1","1","1","1","1","1","1","1","1","1","1","1","1","1","1",NA
"35279000","2",1994-08-01,"1","1","0","0","0","1","1","1","1","1","0.519","1",0,0,0,0,0,0,0,0,0,0,0,0,0,0,0,0,0,0,0,0,0,0,0,0,0,0,0,0,0,0,0,"1","1","1","1","1","1","1","1","1","1","1","1","1","1","1","1","1","1","1","1","1","1","1","1","1","1","1","1","1","1","1",NA
"35279000","2",1994-09-01,"1","1","0","0","0","1","1","1","1","1","0.519","1",0,0,0,0,0,0,0,0,0,0,0,0,0,0,0,0,0,0,0,0,0,0,0,0,0,0,0,0,0,0,NA,"1","1","1","1","1","1","1","1","1","1","1","1","1","1","1","1","1","1","1","1","1","1","1","1","1","1","1","1","1","1",NA,NA
"35279000","2",1994-10-01,"1","1","0","0","0","1","1","1","1","1","0.519","1",0,0,0,0,0,0,0,0,0,0,0,0,0,0,0,0,0,0,0,0,0,0,0,0,0,0,0,0,0,0,0,"1","1","1","1","1","1","1","1","1","1","1","1","1","1","1","1","1","1","1","1","1","1","1","1","1","1","1","1","1","1","1",NA
"35279000","2",1994-11-01,"1","1","0","0","0","1","1","1","1","1","0.519","1",0,0,0,0,0,0,0,0,0,0,0,0,0,0,0,0,0,0,0,0,0,0,0,0,0,0,0,0,0,0,NA,"1","1","1","1","1","1","1","1","1","1","1","1","1","1","1","1","1","1","1","1","1","1","1","1","1","1","1","1","1","1",NA,NA
"35279000","2",1994-12-01,"1","1","0","0","0","1","1","1","1","1","0.519","1",0,0,0,0,0,0,0,0,0,0,0,0,0,0,0,0,0,0,0,0,0,0,0,0,0,0,0,0,0,0,0,"1","1","1","1","1","1","1","1","1","1","1","1","1","1","1","1","1","1","1","1","1","1","1","1","1","1","1","1","1","1","1",NA
"35279000","2",1995-01-01,"1","1","0","0","0","1","1","1","1","1","0.108","1",0,0,0,0,0,0,0,0,0,0,0,0,0,0,0,0,0,0,0,0,0,0,0,0,0,0,0,0,0,0,0,"1","1","1","1","1","1","1","1","1","1","1","1","1","1","1","1","1","1","1","1","1","1","1","1","1","1","1","1","1","1","1",NA
"35279000","2",1995-02-01,"1","1","0","0","0","1","1","1","1","1","0.108","1",0,0,0,0,0,0,0,0,0,0,0,0,0,0,0,0,0,0,0,0,0,0,0,0,0,0,0,0,NA,NA,NA,"1","1","1","1","1","1","1","1","1","1","1","1","1","1","1","1","1","1","1","1","1","1","1","1","1","1","1","1","0","0",NA,NA
"35279000","2",1995-03-01,"1","1","1.62","0","0.258","27","1","1","1","1","0.108","1",0,0,0,0,0,0,0,0,0,0,0,0,0,0,0,0,0,1.26,0.312,0.312,0.116,0.061,0.054,0.502,0.253,1.07,1.62,0.312,0.786,0.273,1.07,"1","1","1","1","1","1","1","1","1","1","1","1","1","1","1","1","1","1","1","1","1","1","1","1","1","1","1","1","1","1","1",NA
"35279000","2",1995-04-01,"1","1","5.07","0.038","0.99","11","17","1","1","1","0.108","1",0.116,0.068,0.082,0.047,0.068,0.786,1.86,1.62,0.596,2.87,5.07,2.87,3.84,0.786,0.312,0.068,0.038,0.116,1.07,0.116,0.068,0.047,0.786,1.07,0.082,0.786,1.86,2.21,0.214,0.175,NA,"1","1","1","1","1","1","1","1","1","1","1","1","1","1","1","1","1","1","1","1","1","1","1","1","1","1","1","1","1","1",NA,NA
"35279000","2",1995-05-01,"1","1","0.786","0","0.051","18","4","1","1","1","0.108","1",0.596,0.082,0.068,0,0,0,0,0,0,0,0,0,0,0,0,0,0,0.786,0.047,0,0,0,0,0,0,0,0,0,0,0,0,"1","1","1","1","1","1","1","1","1","1","1","1","1","1","1","1","1","1","1","1","1","1","1","1","1","1","1","1","1","1","1",NA
"35279000","2",1995-06-01,"1","1","0","0","0","1","1","1","1","1","0.108","1",0,0,0,0,0,0,0,0,0,0,0,0,0,0,0,0,0,0,0,0,0,0,0,0,0,0,0,0,0,0,NA,"1","1","1","1","1","1","1","1","1","1","1","1","1","1","1","1","1","1","1","1","1","1","1","1","1","1","1","1","1","1",NA,NA
"35279000","2",1995-07-01,"1","1","0","0","0","1","1","1","1","1","0.108","1",0,0,0,0,0,0,0,0,0,0,0,0,0,0,0,0,0,0,0,0,0,0,0,0,0,0,0,0,0,0,0,"1","1","1","1","1","1","1","1","1","1","1","1","1","1","1","1","1","1","1","1","1","1","1","1","1","1","1","1","1","1","1",NA
"35279000","2",1995-08-01,"1","1","0","0","0","1","1","1","1","1","0.108","1",0,0,0,0,0,0,0,0,0,0,0,0,0,0,0,0,0,0,0,0,0,0,0,0,0,0,0,0,0,0,0,"1","1","1","1","1","1","1","1","1","1","1","1","1","1","1","1","1","1","1","1","1","1","1","1","1","1","1","1","1","1","1",NA
"35279000","2",1995-09-01,"1","1","0","0","0","1","1","1","1","1","0.108","1",0,0,0,0,0,0,0,0,0,0,0,0,0,0,0,0,0,0,0,0,0,0,0,0,0,0,0,0,0,0,NA,"1","1","1","1","1","1","1","1","1","1","1","1","1","1","1","1","1","1","1","1","1","1","1","1","1","1","1","1","1","1",NA,NA
"35279000","2",1995-10-01,"1","1","0","0","0","1","1","1","1","1","0.108","1",0,0,0,0,0,0,0,0,0,0,0,0,0,0,0,0,0,0,0,0,0,0,0,0,0,0,0,0,0,0,0,"1","1","1","1","1","1","1","1","1","1","1","1","1","1","1","1","1","1","1","1","1","1","1","1","1","1","1","1","1","1","1",NA
"35279000","2",1995-11-01,"1","1","0","0","0","1","1","1","1","1","0.108","1",0,0,0,0,0,0,0,0,0,0,0,0,0,0,0,0,0,0,0,0,0,0,0,0,0,0,0,0,0,0,NA,"1","1","1","1","1","1","1","1","1","1","1","1","1","1","1","1","1","1","1","1","1","1","1","1","1","1","1","1","1","1",NA,NA
"35279000","2",1995-12-01,"1","1","0","0","0","1","1","1","1","1","0.108","1",0,0,0,0,0,0,0,0,0,0,0,0,0,0,0,0,0,0,0,0,0,0,0,0,0,0,0,0,0,0,0,"1","1","1","1","1","1","1","1","1","1","1","1","1","1","1","1","1","1","1","1","1","1","1","1","1","1","1","1","1","1","1",NA
"35279000","2",1996-01-01,"1","1","0","0","0","1","1","1","1","1","0.075","1",0,0,0,0,0,0,0,0,0,0,0,0,0,0,0,0,0,0,0,0,0,0,0,0,0,0,0,0,0,0,0,"1","1","1","1","1","1","1","1","1","1","1","1","1","1","1","1","1","1","1","1","1","1","1","1","1","1","1","1","1","1","1",NA
"35279000","2",1996-02-01,"1","1","0","0","0","1","1","1","1","1","0.075","1",0,0,0,0,0,0,0,0,0,0,0,0,0,0,0,0,0,0,0,0,0,0,0,0,0,0,0,0,0,NA,NA,"1","1","1","1","1","1","1","1","1","1","1","1","1","1","1","1","1","1","1","1","1","1","1","1","1","1","1","1","1","0",NA,NA
"35279000","2",1996-03-01,"1","1","1.86","0","0.246","24","1","1","1","1","0.075","1",0,0,0,0,0,0,0,0,0,0,0,0,0,0,0,0,0,0,0.038,0,0.786,0.214,0.786,1.86,0.312,0.082,0.024,0.786,0.082,0.786,1.86,"1","1","1","1","1","1","1","1","1","1","1","1","1","1","1","1","1","1","1","1","1","1","1","1","1","1","1","1","1","1","1",NA
"35279000","2",1996-04-01,"1","1","1.86","0","0.568","14","6","1","1","1","0.075","1",0.116,0.024,0.082,0.116,0.312,0,0.024,0,0,0,0,0,0.214,1.86,0.312,0.214,0.786,0.786,1.86,0.786,0.786,0.786,1.26,1.86,0.786,0.082,1.26,1.86,0.786,0.082,NA,"1","1","1","1","1","1","1","1","1","1","1","1","1","1","1","1","1","1","1","1","1","1","1","1","1","1","1","1","1","1",NA,NA
"35279000","2",1996-05-01,"1","1","0.312","0","0.087","1","4","1","1","1","0.075","1",0.312,0.214,0.047,0,0,0.024,0.082,0.047,0.047,0.047,0.175,0.102,0.047,0.047,0.136,0.136,0.116,0.116,0.136,0.155,0.155,0.155,0.136,0.136,0.116,0,0,0,0,0,0,"1","1","1","1","1","1","1","1","1","1","1","1","1","1","1","1","1","1","1","1","1","1","1","1","1","1","1","1","1","1","1",NA
"35279000","2",1996-06-01,"1","1","0","0","0","1","1","1","1","1","0.075","1",0,0,0,0,0,0,0,0,0,0,0,0,0,0,0,0,0,0,0,0,0,0,0,0,0,0,0,0,0,0,NA,"1","1","1","1","1","1","1","1","1","1","1","1","1","1","1","1","1","1","1","1","1","1","1","1","1","1","1","1","1","1",NA,NA
"35279000","2",1996-07-01,"1","1","0","0","0","1","1","1","1","1","0.075","1",0,0,0,0,0,0,0,0,0,0,0,0,0,0,0,0,0,0,0,0,0,0,0,0,0,0,0,0,0,0,0,"1","1","1","1","1","1","1","1","1","1","1","1","1","1","1","1","1","1","1","1","1","1","1","1","1","1","1","1","1","1","1",NA
"35279000","2",1996-08-01,"1","1","0","0","0","1","1","1","1","1","0.075","1",0,0,0,0,0,0,0,0,0,0,0,0,0,0,0,0,0,0,0,0,0,0,0,0,0,0,0,0,0,0,0,"1","1","1","1","1","1","1","1","1","1","1","1","1","1","1","1","1","1","1","1","1","1","1","1","1","1","1","1","1","1","1",NA
"35279000","2",1996-09-01,"1","1","0","0","0","1","1","1","1","1","0.075","1",0,0,0,0,0,0,0,0,0,0,0,0,0,0,0,0,0,0,0,0,0,0,0,0,0,0,0,0,0,0,NA,"1","1","1","1","1","1","1","1","1","1","1","1","1","1","1","1","1","1","1","1","1","1","1","1","1","1","1","1","1","1",NA,NA
"35279000","2",1996-10-01,"1","1","0","0","0","1","1","1","1","1","0.075","1",0,0,0,0,0,0,0,0,0,0,0,0,0,0,0,0,0,0,0,0,0,0,0,0,0,0,0,0,0,0,0,"1","1","1","1","1","1","1","1","1","1","1","1","1","1","1","1","1","1","1","1","1","1","1","1","1","1","1","1","1","1","1",NA
"35279000","2",1996-11-01,"1","1","0","0","0","1","1","1","1","1","0.075","1",0,0,0,0,0,0,0,0,0,0,0,0,0,0,0,0,0,0,0,0,0,0,0,0,0,0,0,0,0,0,NA,"1","1","1","1","1","1","1","1","1","1","1","1","1","1","1","1","1","1","1","1","1","1","1","1","1","1","1","1","1","1",NA,NA
"35279000","2",1996-12-01,"1","1","0","0","0","1","1","1","1","1","0.075","1",0,0,0,0,0,0,0,0,0,0,0,0,0,0,0,0,0,0,0,0,0,0,0,0,0,0,0,0,0,0,0,"1","1","1","1","1","1","1","1","1","1","1","1","1","1","1","1","1","1","1","1","1","1","1","1","1","1","1","1","1","1","1",NA
"35279000","2",1997-01-01,"1","1","0","0","0","1","1","1","1","1","0.039","1",0,0,0,0,0,0,0,0,0,0,0,0,0,0,0,0,0,0,0,0,0,0,0,0,0,0,0,0,0,0,0,"1","1","1","1","1","1","1","1","1","1","1","1","1","1","1","1","1","1","1","1","1","1","1","1","1","1","1","1","1","1","1",NA
"35279000","2",1997-02-01,"1","1","0","0","0","1","1","1","1","1","0.039","1",0,0,0,0,0,0,0,0,0,0,0,0,0,0,0,0,0,0,0,0,0,0,0,0,0,0,0,0,NA,NA,NA,"1","1","1","1","1","1","1","1","1","1","1","1","1","1","1","1","1","1","1","1","1","1","1","1","1","1","1","1","0","0",NA,NA
"35279000","2",1997-03-01,"1","1","1.5","0","0.082","27","1","1","1","1","0.039","1",0,0,0,0,0,0,0,0,0,0,0,0,0,0,0,0,0,0,0,0,0,0,0,0,0,0,1.5,0.312,0.253,0.292,0.194,"1","1","1","1","1","1","1","1","1","1","1","1","1","1","1","1","1","1","1","1","1","1","1","1","1","1","1","1","1","1","1",NA
"35279000","2",1997-04-01,"1","1","1.07","0.102","0.239","2","23","1","1","1","0.039","1",0.881,1.07,0.292,0.253,0.175,0.194,0.155,0.155,0.194,0.155,0.155,0.175,0.175,0.194,0.175,0.155,0.155,0.175,0.116,0.116,0.116,0.116,0.102,0.273,0.155,0.155,0.407,0.194,0.292,0.253,NA,"1","1","1","1","1","1","1","1","1","1","1","1","1","1","1","1","1","1","1","1","1","1","1","1","1","1","1","1","1","1",NA,NA
"35279000","2",1997-05-01,"1","1","0.273","0.088","0.128","1","31","1","1","1","0.039","1",0.273,0.155,0.175,0.136,0.273,0.155,0.116,0.116,0.109,0.116,0.116,0.109,0.102,0.102,0.102,0.175,0.175,0.116,0.109,0.116,0.102,0.102,0.102,0.102,0.109,0.102,0.116,0.102,0.102,0.102,0.088,"1","1","1","1","1","1","1","1","1","1","1","1","1","1","1","1","1","1","1","1","1","1","1","1","1","1","1","1","1","1","1",NA
"35279000","2",1997-06-01,"1","1","0.088","0","0.015","1","6","1","1","1","0.039","1",0.088,0.088,0.088,0.088,0.088,0,0,0,0,0,0,0,0,0,0,0,0,0,0,0,0,0,0,0,0,0,0,0,0,0,NA,"1","1","1","1","1","1","1","1","1","1","1","1","1","1","1","1","1","1","1","1","1","1","1","1","1","1","1","1","1","1",NA,NA
"35279000","2",1997-07-01,"1","1","0","0","0","1","1","1","1","1","0.039","1",0,0,0,0,0,0,0,0,0,0,0,0,0,0,0,0,0,0,0,0,0,0,0,0,0,0,0,0,0,0,0,"1","1","1","1","1","1","1","1","1","1","1","1","1","1","1","1","1","1","1","1","1","1","1","1","1","1","1","1","1","1","1",NA
"35279000","2",1997-08-01,"1","1","0","0","0","1","1","1","1","1","0.039","1",0,0,0,0,0,0,0,0,0,0,0,0,0,0,0,0,0,0,0,0,0,0,0,0,0,0,0,0,0,0,0,"1","1","1","1","1","1","1","1","1","1","1","1","1","1","1","1","1","1","1","1","1","1","1","1","1","1","1","1","1","1","1",NA
"35279000","2",1997-09-01,"1","1","0","0","0","1","1","1","1","1","0.039","1",0,0,0,0,0,0,0,0,0,0,0,0,0,0,0,0,0,0,0,0,0,0,0,0,0,0,0,0,0,0,NA,"1","1","1","1","1","1","1","1","1","1","1","1","1","1","1","1","1","1","1","1","1","1","1","1","1","1","1","1","1","1",NA,NA
"35279000","2",1997-10-01,"1","1","0","0","0","1","1","1","1","1","0.039","1",0,0,0,0,0,0,0,0,0,0,0,0,0,0,0,0,0,0,0,0,0,0,0,0,0,0,0,0,0,0,0,"1","1","1","1","1","1","1","1","1","1","1","1","1","1","1","1","1","1","1","1","1","1","1","1","1","1","1","1","1","1","1",NA
"35279000","2",1997-11-01,"1","1","0","0","0","1","1","1","1","1","0.039","1",0,0,0,0,0,0,0,0,0,0,0,0,0,0,0,0,0,0,0,0,0,0,0,0,0,0,0,0,0,0,NA,"1","1","1","1","1","1","1","1","1","1","1","1","1","1","1","1","1","1","1","1","1","1","1","1","1","1","1","1","1","1",NA,NA
"35279000","2",1997-12-01,"1","1","0","0","0","1","1","1","1","1","0.039","1",0,0,0,0,0,0,0,0,0,0,0,0,0,0,0,0,0,0,0,0,0,0,0,0,0,0,0,0,0,0,0,"1","1","1","1","1","1","1","1","1","1","1","1","1","1","1","1","1","1","1","1","1","1","1","1","1","1","1","1","1","1","1",NA
"35279000","2",1998-01-01,"1","1","0","0","0","1","1","1","1","1","0.002","1",0,0,0,0,0,0,0,0,0,0,0,0,0,0,0,0,0,0,0,0,0,0,0,0,0,0,0,0,0,0,0,"1","1","1","1","1","1","1","1","1","1","1","1","1","1","1","1","1","1","1","1","1","1","1","1","1","1","1","1","1","1","1",NA
"35279000","2",1998-02-01,"1","1","0","0","0","1","1","1","1","1","0.002","1",0,0,0,0,0,0,0,0,0,0,0,0,0,0,0,0,0,0,0,0,0,0,0,0,0,0,0,0,NA,NA,NA,"1","1","1","1","1","1","1","1","1","1","1","1","1","1","1","1","1","1","1","1","1","1","1","1","1","1","1","1","0","0",NA,NA
"35279000","2",1998-03-01,"1","1","0.273","0","0.023","26","1","1","1","1","0.002","1",0,0,0,0,0,0,0,0,0,0,0,0,0,0,0,0,0,0,0,0,0,0,0,0,0,0.273,0.234,0.102,0.109,0,0,"1","1","1","1","1","1","1","1","1","1","1","1","1","1","1","1","1","1","1","1","1","1","1","1","1","1","1","1","1","1","1",NA
"35279000","2",1998-04-01,"1","1","0","0","0","1","1","1","1","1","0.002","1",0,0,0,0,0,0,0,0,0,0,0,0,0,0,0,0,0,0,0,0,0,0,0,0,0,0,0,0,0,0,NA,"1","1","1","1","1","1","1","1","1","1","1","1","1","1","1","1","1","1","1","1","1","1","1","1","1","1","1","1","1","1",NA,NA
"35279000","2",1998-05-01,"1","1","0","0","0","1","1","1","1","1","0.002","1",0,0,0,0,0,0,0,0,0,0,0,0,0,0,0,0,0,0,0,0,0,0,0,0,0,0,0,0,0,0,0,"1","1","1","1","1","1","1","1","1","1","1","1","1","1","1","1","1","1","1","1","1","1","1","1","1","1","1","1","1","1","1",NA
"35279000","2",1998-06-01,"1","1","0","0","0","1","1","1","1","1","0.002","1",0,0,0,0,0,0,0,0,0,0,0,0,0,0,0,0,0,0,0,0,0,0,0,0,0,0,0,0,0,0,NA,"1","1","1","1","1","1","1","1","1","1","1","1","1","1","1","1","1","1","1","1","1","1","1","1","1","1","1","1","1","1",NA,NA
"35279000","2",1998-07-01,"1","1","0","0","0","1","1","1","1","1","0.002","1",0,0,0,0,0,0,0,0,0,0,0,0,0,0,0,0,0,0,0,0,0,0,0,0,0,0,0,0,0,0,0,"1","1","1","1","1","1","1","1","1","1","1","1","1","1","1","1","1","1","1","1","1","1","1","1","1","1","1","1","1","1","1",NA
"35279000","2",1998-08-01,"1","1","0","0","0","1","1","1","1","1","0.002","1",0,0,0,0,0,0,0,0,0,0,0,0,0,0,0,0,0,0,0,0,0,0,0,0,0,0,0,0,0,0,0,"1","1","1","1","1","1","1","1","1","1","1","1","1","1","1","1","1","1","1","1","1","1","1","1","1","1","1","1","1","1","1",NA
"35279000","2",1998-09-01,"1","1","0","0","0","1","1","1","1","1","0.002","1",0,0,0,0,0,0,0,0,0,0,0,0,0,0,0,0,0,0,0,0,0,0,0,0,0,0,0,0,0,0,NA,"1","1","1","1","1","1","1","1","1","1","1","1","1","1","1","1","1","1","1","1","1","1","1","1","1","1","1","1","1","1",NA,NA
"35279000","2",1998-10-01,"1","1","0","0","0","1","1","1","1","1","0.002","1",0,0,0,0,0,0,0,0,0,0,0,0,0,0,0,0,0,0,0,0,0,0,0,0,0,0,0,0,0,0,0,"1","1","1","1","1","1","1","1","1","1","1","1","1","1","1","1","1","1","1","1","1","1","1","1","1","1","1","1","1","1","1",NA
"35279000","2",1998-11-01,"1","1","0","0","0","1","1","1","1","1","0.002","1",0,0,0,0,0,0,0,0,0,0,0,0,0,0,0,0,0,0,0,0,0,0,0,0,0,0,0,0,0,0,NA,"1","1","1","1","1","1","1","1","1","1","1","1","1","1","1","1","1","1","1","1","1","1","1","1","1","1","1","1","1","1",NA,NA
"35279000","2",1998-12-01,"1","1","0","0","0","1","1","1","1","1","0.002","1",0,0,0,0,0,0,0,0,0,0,0,0,0,0,0,0,0,0,0,0,0,0,0,0,0,0,0,0,0,0,0,"1","1","1","1","1","1","1","1","1","1","1","1","1","1","1","1","1","1","1","1","1","1","1","1","1","1","1","1","1","1","1",NA
"35279000","2",1999-01-01,"1","1","0","0","0","1","1","1","1","1","0.141","1",0,0,0,0,0,0,0,0,0,0,0,0,0,0,0,0,0,0,0,0,0,0,0,0,0,0,0,0,0,0,0,"1","1","1","1","1","1","1","1","1","1","1","1","1","1","1","1","1","1","1","1","1","1","1","1","1","1","1","1","1","1","1",NA
"35279000","2",1999-02-01,"1","1","0","0","0","1","1","1","1","1","0.141","1",0,0,0,0,0,0,0,0,0,0,0,0,0,0,0,0,0,0,0,0,0,0,0,0,0,0,0,0,NA,NA,NA,"1","1","1","1","1","1","1","1","1","1","1","1","1","1","1","1","1","1","1","1","1","1","1","1","1","1","1","1","0","0",NA,NA
"35279000","2",1999-03-01,"1","1","5.38","0","0.674","16","1","1","1","1","0.141","1",0,0,0.194,0,0,0,0,0,0,0,0,0,0,0,0.068,5.38,0.502,0.881,0.214,0.596,0.502,0.234,3.15,1.26,1.62,0.786,3.15,1.26,0.596,0.312,0.194,"1","1","1","1","1","1","1","1","1","1","1","1","1","1","1","1","1","1","1","1","1","1","1","1","1","1","1","1","1","1","1",NA
"35279000","2",1999-04-01,"1","1","1.38","0.095","0.39","30","20","1","1","1","0.141","1",0.253,0.292,0.312,0.234,0.253,0.253,0.234,0.292,0.194,0.786,0.292,0.312,0.273,0.273,0.234,0.234,0.194,0.155,0.155,0.095,0.253,0.881,0.691,0.596,0.312,0.292,0.786,0.502,0.691,1.38,NA,"1","1","1","1","1","1","1","1","1","1","1","1","1","1","1","1","1","1","1","1","1","1","1","1","1","1","1","1","1","1",NA,NA
"35279000","2",1999-05-01,"1","1","1.97","0.194","0.547","17","26","1","1","1","0.141","1",1.07,0.881,0.407,0.596,0.407,0.312,0.976,0.881,0.691,0.786,0.881,0.691,0.502,0.273,0.502,0.273,1.97,0.881,0.691,0.502,0.502,0.312,0.234,0.234,0.234,0.194,0.273,0.234,0.194,0.194,0.194,"1","1","1","1","1","1","1","1","1","1","1","1","1","1","1","1","1","1","1","1","1","1","1","1","1","1","1","1","1","1","1",NA
"35279000","2",1999-06-01,"1","1","0.234","0","0.082","5","17","1","1","1","0.141","1",0.194,0.194,0.194,0.155,0.234,0.194,0.155,0.116,0.116,0.116,0.155,0.155,0.136,0.116,0.116,0.102,0,0,0,0,0,0,0,0,0,0,0,0,0,0,NA,"1","1","1","1","1","1","1","1","1","1","1","1","1","1","1","1","1","1","1","1","1","1","1","1","1","1","1","1","1","1",NA,NA
"35279000","2",1999-07-01,"1","1","0","0","0","1","1","1","1","1","0.141","1",0,0,0,0,0,0,0,0,0,0,0,0,0,0,0,0,0,0,0,0,0,0,0,0,0,0,0,0,0,0,0,"1","1","1","1","1","1","1","1","1","1","1","1","1","1","1","1","1","1","1","1","1","1","1","1","1","1","1","1","1","1","1",NA
"35279000","2",1999-08-01,"1","1","0","0","0","1","1","1","1","1","0.141","1",0,0,0,0,0,0,0,0,0,0,0,0,0,0,0,0,0,0,0,0,0,0,0,0,0,0,0,0,0,0,0,"1","1","1","1","1","1","1","1","1","1","1","1","1","1","1","1","1","1","1","1","1","1","1","1","1","1","1","1","1","1","1",NA
"35279000","2",1999-09-01,"1","1","0","0","0","1","1","1","1","1","0.141","1",0,0,0,0,0,0,0,0,0,0,0,0,0,0,0,0,0,0,0,0,0,0,0,0,0,0,0,0,0,0,NA,"1","1","1","1","1","1","1","1","1","1","1","1","1","1","1","1","1","1","1","1","1","1","1","1","1","1","1","1","1","1",NA,NA
"35279000","2",1999-10-01,"1","1","0","0","0","1","1","1","1","1","0.141","1",0,0,0,0,0,0,0,0,0,0,0,0,0,0,0,0,0,0,0,0,0,0,0,0,0,0,0,0,0,0,0,"1","1","1","1","1","1","1","1","1","1","1","1","1","1","1","1","1","1","1","1","1","1","1","1","1","1","1","1","1","1","1",NA
"35279000","2",1999-11-01,"1","1","0","0","0","1","1","1","1","1","0.141","1",0,0,0,0,0,0,0,0,0,0,0,0,0,0,0,0,0,0,0,0,0,0,0,0,0,0,0,0,0,0,NA,"1","1","1","1","1","1","1","1","1","1","1","1","1","1","1","1","1","1","1","1","1","1","1","1","1","1","1","1","1","1",NA,NA
"35279000","2",1999-12-01,"1","1","0","0","0","1","1","1","1","1","0.141","1",0,0,0,0,0,0,0,0,0,0,0,0,0,0,0,0,0,0,0,0,0,0,0,0,0,0,0,0,0,0,0,"1","1","1","1","1","1","1","1","1","1","1","1","1","1","1","1","1","1","1","1","1","1","1","1","1","1","1","1","1","1","1",NA
"35279000","2",2000-01-01,"1","1","1.1","0","0.1","22","1","1","1","1",NA,"0",0,0,0,0,0,0,0,0,0,0,0,0,0,0,0,0,0,0,0.3,0.1,0.1,1.1,0.2,0.2,0.2,0.1,0.1,0,0,0,0,"1","1","1","1","1","1","1","1","1","1","1","1","1","1","1","1","1","1","1","1","1","1","1","1","1","1","1","1","1","1","1",NA
"35279000","2",2000-02-01,"1","1","2.5","0","0.1","28","1","1","1","1",NA,"0",0,0,0,0,0,0,0,0,0,0,0,0,0,0,0,0,0,0,0,0,0,0,0,0,0,0,0.3,2.5,0.2,NA,NA,"1","1","1","1","1","1","1","1","1","1","1","1","1","1","1","1","1","1","1","1","1","1","1","1","1","1","1","1","1","0",NA,NA
"35279000","2",2000-03-01,"1","1","1.9","0","0.2","30","9","1","1","1",NA,"0",0.1,0.1,0.1,0.1,0.2,0.2,0.1,0.2,0,0,0,0,0,0,0.2,0.2,0.2,0.2,0.1,0.1,0,0,0,0,0,0,0.3,0.3,0.3,1.9,0.3,"1","1","1","1","1","1","1","1","1","1","1","1","1","1","1","1","1","1","1","1","1","1","1","1","1","1","1","1","1","1","1",NA
"35279000","2",2000-04-01,"1","1","4.3","0.1","0.6","15","3","1","1","1",NA,"0",0.3,0.2,0.1,0.2,0.1,0.1,0.2,0.2,0.2,0.1,0.2,2,0.3,1.3,4.3,0.6,0.5,0.5,1.5,3.5,0.3,0.2,0.8,0.4,0.2,0.3,0.2,0.2,0.2,0.2,NA,"1","1","1","1","1","1","1","1","1","1","1","1","1","1","1","1","1","1","1","1","1","1","1","1","1","1","1","1","1","1",NA,NA
"35279000","2",2000-05-01,"1","1","0.3","0","0.2","2","31","1","1","1",NA,"0",0.2,0.3,0.1,0.1,0.2,0.1,0.1,0.3,0.1,0.3,0.2,0.2,0.2,0.3,0.2,0.1,0.3,0.2,0.1,0.2,0.2,0.1,0.1,0.1,0.1,0.1,0.1,0.1,0.1,0.1,0,"1","1","1","1","1","1","1","1","1","1","1","1","1","1","1","1","1","1","1","1","1","1","1","1","1","1","1","1","1","1","1",NA
"35279000","2",2000-06-01,"1","1","0","0","0","1","1","1","1","1",NA,"0",0,0,0,0,0,0,0,0,0,0,0,0,0,0,0,0,0,0,0,0,0,0,0,0,0,0,0,0,0,0,NA,"1","1","1","1","1","1","1","1","1","1","1","1","1","1","1","1","1","1","1","1","1","1","1","1","1","1","1","1","1","1",NA,NA
"35279000","2",2000-07-01,"1","1","0","0","0","1","1","1","1","1",NA,"0",0,0,0,0,0,0,0,0,0,0,0,0,0,0,0,0,0,0,0,0,0,0,0,0,0,0,0,0,0,0,0,"1","1","1","1","1","1","1","1","1","1","1","1","1","1","1","1","1","1","1","1","1","1","1","1","1","1","1","1","1","1","1",NA
"35279000","2",2000-08-01,"1","1","0","0","0","1","1","1","1","1",NA,"0",0,0,0,0,0,0,0,0,0,0,0,0,0,0,0,0,0,0,0,0,0,0,0,0,0,0,0,0,0,0,0,"1","1","1","1","1","1","1","1","1","1","1","1","1","1","1","1","1","1","1","1","1","1","1","1","1","1","1","1","1","1","1",NA
"35279000","2",2000-09-01,"1","1","0","0","0","1","1","1","1","1",NA,"0",0,0,0,0,0,0,0,0,0,0,0,0,0,0,0,0,0,0,0,0,0,0,0,0,0,0,0,0,0,0,NA,"1","1","1","1","1","1","1","1","1","1","1","1","1","1","1","1","1","1","1","1","1","1","1","1","1","1","1","1","1","1",NA,NA
"35279000","2",2000-10-01,"1","1","0","0","0","1","1","1","1","1",NA,"0",0,0,0,0,0,0,0,0,0,0,0,0,0,0,0,0,0,0,0,0,0,0,0,0,0,0,0,0,0,0,0,"1","1","1","1","1","1","1","1","1","1","1","1","1","1","1","1","1","1","1","1","1","1","1","1","1","1","1","1","1","1","1",NA
"35279000","2",2000-11-01,"1","1","0","0","0","1","1","1","1","1",NA,"0",0,0,0,0,0,0,0,0,0,0,0,0,0,0,0,0,0,0,0,0,0,0,0,0,0,0,0,0,0,0,NA,"1","1","1","1","1","1","1","1","1","1","1","1","1","1","1","1","1","1","1","1","1","1","1","1","1","1","1","1","1","1",NA,NA
"35279000","2",2000-12-01,"1","1","0","0","0","1","1","1","1","1",NA,"0",0,0,0,0,0,0,0,0,0,0,0,0,0,0,0,0,0,0,0,0,0,0,0,0,0,0,0,0,0,0,0,"1","1","1","1","1","1","1","1","1","1","1","1","1","1","1","1","1","1","1","1","1","1","1","1","1","1","1","1","1","1","1",NA
"35279000","2",2001-01-01,"1","1","0","0","0","1","1","1","1","1",NA,"0",0,0,0,0,0,0,0,0,0,0,0,0,0,0,0,0,0,0,0,0,0,0,0,0,0,0,0,0,0,0,0,"1","1","1","1","1","1","1","1","1","1","1","1","1","1","1","1","1","1","1","1","1","1","1","1","1","1","1","1","1","1","1",NA
"35279000","2",2001-02-01,"1","1","0","0","0","1","1","1","1","1",NA,"0",0,0,0,0,0,0,0,0,0,0,0,0,0,0,0,0,0,0,0,0,0,0,0,0,0,0,0,0,NA,NA,NA,"1","1","1","1","1","1","1","1","1","1","1","1","1","1","1","1","1","1","1","1","1","1","1","1","1","1","1","1","0","0",NA,NA
"35279000","2",2001-03-01,"1","1","0","0","0","1","1","1","1","1",NA,"0",0,0,0,0,0,0,0,0,0,0,0,0,0,0,0,0,0,0,0,0,0,0,0,0,0,0,0,0,0,0,0,"1","1","1","1","1","1","1","1","1","1","1","1","1","1","1","1","1","1","1","1","1","1","1","1","1","1","1","1","1","1","1",NA
"35279000","2",2001-04-01,"1","1","0","0","0","1","1","1","1","1",NA,"0",0,0,0,0,0,0,0,0,0,0,0,0,0,0,0,0,0,0,0,0,0,0,0,0,0,0,0,0,0,0,NA,"1","1","1","1","1","1","1","1","1","1","1","1","1","1","1","1","1","1","1","1","1","1","1","1","1","1","1","1","1","1",NA,NA
"35279000","2",2001-05-01,"1","1","0","0","0","1","1","1","1","1",NA,"0",0,0,0,0,0,0,0,0,0,0,0,0,0,0,0,0,0,0,0,0,0,0,0,0,0,0,0,0,0,0,0,"1","1","1","1","1","1","1","1","1","1","1","1","1","1","1","1","1","1","1","1","1","1","1","1","1","1","1","1","1","1","1",NA
"35279000","2",2001-06-01,"1","1","0","0","0","1","1","1","1","1",NA,"0",0,0,0,0,0,0,0,0,0,0,0,0,0,0,0,0,0,0,0,0,0,0,0,0,0,0,0,0,0,0,NA,"1","1","1","1","1","1","1","1","1","1","1","1","1","1","1","1","1","1","1","1","1","1","1","1","1","1","1","1","1","1",NA,NA
"35279000","2",2001-07-01,"1","1","0","0","0","1","1","1","1","1",NA,"0",0,0,0,0,0,0,0,0,0,0,0,0,0,0,0,0,0,0,0,0,0,0,0,0,0,0,0,0,0,0,0,"1","1","1","1","1","1","1","1","1","1","1","1","1","1","1","1","1","1","1","1","1","1","1","1","1","1","1","1","1","1","1",NA
"35279000","2",2001-08-01,"1","1","0","0","0","1","1","1","1","1",NA,"0",0,0,0,0,0,0,0,0,0,0,0,0,0,0,0,0,0,0,0,0,0,0,0,0,0,0,0,0,0,0,0,"1","1","1","1","1","1","1","1","1","1","1","1","1","1","1","1","1","1","1","1","1","1","1","1","1","1","1","1","1","1","1",NA
"35279000","2",2001-09-01,"1","1","0","0","0","1","1","1","1","1",NA,"0",0,0,0,0,0,0,0,0,0,0,0,0,0,0,0,0,0,0,0,0,0,0,0,0,0,0,0,0,0,0,NA,"1","1","1","1","1","1","1","1","1","1","1","1","1","1","1","1","1","1","1","1","1","1","1","1","1","1","1","1","1","1",NA,NA
"35279000","2",2001-10-01,"1","1","0","0","0","1","1","1","1","1",NA,"0",0,0,0,0,0,0,0,0,0,0,0,0,0,0,0,0,0,0,0,0,0,0,0,0,0,0,0,0,0,0,0,"1","1","1","1","1","1","1","1","1","1","1","1","1","1","1","1","1","1","1","1","1","1","1","1","1","1","1","1","1","1","1",NA
"35279000","2",2001-11-01,"1","1","0","0","0","1","1","1","1","1",NA,"0",0,0,0,0,0,0,0,0,0,0,0,0,0,0,0,0,0,0,0,0,0,0,0,0,0,0,0,0,0,0,NA,"1","1","1","1","1","1","1","1","1","1","1","1","1","1","1","1","1","1","1","1","1","1","1","1","1","1","1","1","1","1",NA,NA
"35279000","2",2001-12-01,"1","1","0","0","0","1","1","1","1","1",NA,"0",0,0,0,0,0,0,0,0,0,0,0,0,0,0,0,0,0,0,0,0,0,0,0,0,0,0,0,0,0,0,0,"1","1","1","1","1","1","1","1","1","1","1","1","1","1","1","1","1","1","1","1","1","1","1","1","1","1","1","1","1","1","1",NA
"35279000","2",2002-01-01,"1","1","4.918","0","0.759","22","1","1","1","1",NA,"0",0,0,0,0,0,0,0,0,0,0,0,0,0,0,0,0,0,0.502,0.017,0.596,0.032,4.918,3.994,1.07,0.032,0.502,0.691,2.867,2.867,2.589,2.867,"1","1","1","1","1","1","1","1","1","1","1","1","1","1","1","1","1","1","1","1","1","1","1","1","1","1","1","1","1","1","1",NA
"35279000","2",2002-02-01,"1","1","0.04","0.0322","0.0347071","1","3","1","1","1",NA,"0",0.04,0.04,0.0322,0.04,0.0361,0.0322,0.0361,0.0322,0.0322,0.0361,0.0361,0.0361,0.0361,0.0361,0.0361,0.0361,0.0361,0.0361,0.0361,0.0322,0.0322,0.0322,0.0322,0.0322,0.0322,0.0322,0.0322,0.0322,NA,NA,NA,"1","1","1","1","1","1","1","1","1","1","1","1","1","1","1","1","1","1","1","1","1","1","1","1","1","1","1","1","0","0",NA,NA
"35279000","2",2002-03-01,"1","1","1.498","0.0283","0.102687","23","1","1","1","1",NA,"0",0.0283,0.0283,0.0283,0.0322,0.0322,0.0322,0.0361,0.0944,0.0944,0.0944,0.0944,0.04,0.04,0.04,0.0361,0.0361,0.0361,0.0361,0.0361,0.0361,0.0361,0.0361,1.498,0.2576,0.1216,0.1216,0.0361,0.0361,0.0361,0.0361,0.0361,"1","1","1","1","1","1","1","1","1","1","1","1","1","1","1","1","1","1","1","1","1","1","1","1","1","1","1","1","1","1","1",NA
"35279000","2",2002-04-01,"1","1","0.786","0.0322","0.0917933","9","12","1","1","1",NA,"0",0.1216,0.1216,0.1216,0.1216,0.1216,0.1216,0.1216,0.1216,0.786,0.176,0.176,0.0322,0.0322,0.0322,0.0322,0.0322,0.0322,0.0322,0.0322,0.0322,0.0322,0.0322,0.0322,0.0322,0.0322,0.0322,0.04,0.04,0.04,0.04,NA,"1","1","1","1","1","1","1","1","1","1","1","1","1","1","1","1","1","1","1","1","1","1","1","1","1","1","1","1","1","1",NA,NA
"35279000","2",2002-05-01,"1","1","0.2032","0.0088","0.0508387","6","15","1","1","1",NA,"0",0.1216,0.1216,0.1216,0.1216,0.1216,0.2032,0.1216,0.1216,0.1216,0.1216,0.0322,0.0322,0.0322,0.0322,0.0088,0.0088,0.0088,0.0088,0.0088,0.0088,0.0088,0.0088,0.0088,0.0088,0.0088,0.0088,0.0088,0.0088,0.0088,0.0088,0.0088,"1","1","1","1","1","1","1","1","1","1","1","1","1","1","1","1","1","1","1","1","1","1","1","1","1","1","1","1","1","1","1",NA
"35279000","2",2002-06-01,"1","1","0","0","0","1","1","1","1","1",NA,"0",0,0,0,0,0,0,0,0,0,0,0,0,0,0,0,0,0,0,0,0,0,0,0,0,0,0,0,0,0,0,NA,"1","1","1","1","1","1","1","1","1","1","1","1","1","1","1","1","1","1","1","1","1","1","1","1","1","1","1","1","1","1",NA,NA
"35279000","2",2002-07-01,"1","1","0","0","0","1","1","1","1","1",NA,"0",0,0,0,0,0,0,0,0,0,0,0,0,0,0,0,0,0,0,0,0,0,0,0,0,0,0,0,0,0,0,0,"1","1","1","1","1","1","1","1","1","1","1","1","1","1","1","1","1","1","1","1","1","1","1","1","1","1","1","1","1","1","1",NA
"35279000","2",2002-08-01,"1","1","0","0","0","1","1","1","1","1",NA,"0",0,0,0,0,0,0,0,0,0,0,0,0,0,0,0,0,0,0,0,0,0,0,0,0,0,0,0,0,0,0,0,"1","1","1","1","1","1","1","1","1","1","1","1","1","1","1","1","1","1","1","1","1","1","1","1","1","1","1","1","1","1","1",NA
"35279000","2",2002-09-01,"1","1","0","0","0","1","1","1","1","1",NA,"0",0,0,0,0,0,0,0,0,0,0,0,0,0,0,0,0,0,0,0,0,0,0,0,0,0,0,0,0,0,0,NA,"1","1","1","1","1","1","1","1","1","1","1","1","1","1","1","1","1","1","1","1","1","1","1","1","1","1","1","1","1","1",NA,NA
"35279000","2",2002-10-01,"1","1","0","0","0","1","1","1","1","1",NA,"0",0,0,0,0,0,0,0,0,0,0,0,0,0,0,0,0,0,0,0,0,0,0,0,0,0,0,0,0,0,0,0,"1","1","1","1","1","1","1","1","1","1","1","1","1","1","1","1","1","1","1","1","1","1","1","1","1","1","1","1","1","1","1",NA
"35279000","2",2002-11-01,"1","1","0","0","0","1","1","1","1","1",NA,"0",0,0,0,0,0,0,0,0,0,0,0,0,0,0,0,0,0,0,0,0,0,0,0,0,0,0,0,0,0,0,NA,"1","1","1","1","1","1","1","1","1","1","1","1","1","1","1","1","1","1","1","1","1","1","1","1","1","1","1","1","1","1",NA,NA
"35279000","2",2002-12-01,"1","1","0","0","0","1","1","1","1","1",NA,"0",0,0,0,0,0,0,0,0,0,0,0,0,0,0,0,0,0,0,0,0,0,0,0,0,0,0,0,0,0,0,0,"1","1","1","1","1","1","1","1","1","1","1","1","1","1","1","1","1","1","1","1","1","1","1","1","1","1","1","1","1","1","1",NA
"35279000","2",2003-01-01,"1","1","0","0","0","1","1","1","1","1",NA,"0",0,0,0,0,0,0,0,0,0,0,0,0,0,0,0,0,0,0,0,0,0,0,0,0,0,0,0,0,0,0,0,"1","1","1","1","1","1","1","1","1","1","1","1","1","1","1","1","1","1","1","1","1","1","1","1","1","1","1","1","1","1","1",NA
"35279000","2",2003-02-01,"1","1","0","0","0","1","1","1","1","1",NA,"0",0,0,0,0,0,0,0,0,0,0,0,0,0,0,0,0,0,0,0,0,0,0,0,0,0,0,0,0,NA,NA,NA,"1","1","1","1","1","1","1","1","1","1","1","1","1","1","1","1","1","1","1","1","1","1","1","1","1","1","1","1","0","0",NA,NA
"35279000","2",2003-03-01,"1","1","213.2","0.001","4.38991","23","12","0","0","1",NA,"0",1.023,0.244,0.0283,0.244,0.2848,1.26,0.6912,0.786,0.2848,0.108,0.02635,0.01075,0.02635,0.0166,0.01855,0.0283,0.02245,0.0361,0.0283,0.001,6.245,1.023,97.6,5.38,2.45,1.1178,1.9145,1.974,4.302,4.918,3.994,"1","1","1","1","1","1","1","1","1","1","1","1","1","1","1","1","1","1","1","1","1","1","1","1","1","1","1","1","1","1","1",NA
"35279000","2",2003-04-01,"1","1","27.24","0.04","1.09773","2","26","0","0","1",NA,"0",1.26,25.92,0.9756,0.9756,0.312,0.312,0.244,0.2168,0.2032,0.2032,0.2032,0.2032,0.176,0.1624,0.1488,0.1216,0.1216,0.1216,0.1216,0.1216,0.1216,0.1216,0.1216,0.1216,0.1216,0.04,0.04,0.04,0.04,0.04,NA,NA,NA,NA,NA,NA,NA,NA,NA,NA,NA,NA,NA,NA,NA,NA,NA,NA,NA,NA,NA,NA,NA,NA,NA,NA,NA,NA,NA,NA,NA,NA,NA
"35279000","2",2003-05-01,"1","1","0.094","0","0.047","1","26","1","1","1",NA,"0",0.0944,0.0944,0.0944,0.0944,0.0944,0.0944,0.0944,0.0944,0.0944,0.0944,0.04,0.04,0.04,0.04,0.04,0.04,0.04,0.04,0.04,0.04,0.0322,0.0322,0.0244,0.0244,0.0088,0,0,0,0,0,0,"1","1","1","1","1","1","1","1","1","1","1","1","1","1","1","1","1","1","1","1","1","1","1","1","1","1","1","1","1","1","1",NA
"35279000","2",2003-06-01,"1","1","0","0","0","1","1","1","1","1",NA,"0",0,0,0,0,0,0,0,0,0,0,0,0,0,0,0,0,0,0,0,0,0,0,0,0,0,0,0,0,0,0,NA,"1","1","1","1","1","1","1","1","1","1","1","1","1","1","1","1","1","1","1","1","1","1","1","1","1","1","1","1","1","1",NA,NA
"35279000","2",2003-07-01,"1","1","0","0","0","1","1","1","1","1",NA,"0",0,0,0,0,0,0,0,0,0,0,0,0,0,0,0,0,0,0,0,0,0,0,0,0,0,0,0,0,0,0,0,"1","1","1","1","1","1","1","1","1","1","1","1","1","1","1","1","1","1","1","1","1","1","1","1","1","1","1","1","1","1","1",NA
"35279000","2",2003-08-01,"1","1","0","0","0","1","1","1","1","1",NA,"0",0,0,0,0,0,0,0,0,0,0,0,0,0,0,0,0,0,0,0,0,0,0,0,0,0,0,0,0,0,0,0,"1","1","1","1","1","1","1","1","1","1","1","1","1","1","1","1","1","1","1","1","1","1","1","1","1","1","1","1","1","1","1",NA
"35279000","2",2003-09-01,"1","1","0","0","0","1","1","1","1","1",NA,"0",0,0,0,0,0,0,0,0,0,0,0,0,0,0,0,0,0,0,0,0,0,0,0,0,0,0,0,0,0,0,NA,"1","1","1","1","1","1","1","1","1","1","1","1","1","1","1","1","1","1","1","1","1","1","1","1","1","1","1","1","1","1",NA,NA
"35279000","2",2003-10-01,"1","1","0","0","0","1","1","1","1","1",NA,"0",0,0,0,0,0,0,0,0,0,0,0,0,0,0,0,0,0,0,0,0,0,0,0,0,0,0,0,0,0,0,0,"1","1","1","1","1","1","1","1","1","1","1","1","1","1","1","1","1","1","1","1","1","1","1","1","1","1","1","1","1","1","1",NA
"35279000","2",2003-11-01,"1","1","0","0","0","1","1","1","1","1",NA,"0",0,0,0,0,0,0,0,0,0,0,0,0,0,0,0,0,0,0,0,0,0,0,0,0,0,0,0,0,0,0,NA,"1","1","1","1","1","1","1","1","1","1","1","1","1","1","1","1","1","1","1","1","1","1","1","1","1","1","1","1","1","1",NA,NA
"35279000","2",2003-12-01,"1","1","0","0","0","1","1","1","1","1",NA,"0",0,0,0,0,0,0,0,0,0,0,0,0,0,0,0,0,0,0,0,0,0,0,0,0,0,0,0,0,0,0,0,"1","1","1","1","1","1","1","1","1","1","1","1","1","1","1","1","1","1","1","1","1","1","1","1","1","1","1","1","1","1","1",NA
"35279000","2",2004-01-01,"1","1","30.6","0","1.39","29","1","1","1","1",NA,"0",0,0,0,0,0,0,0,0,0,0,0,0,0,0,0,0,0,0,0,0,0,0,0,1.07,0.596,0.285,2.87,3.28,30.6,2.87,1.5,"1","1","1","1","1","1","1","1","1","1","1","1","1","1","1","1","1","1","1","1","1","1","1","1","1","1","1","1","1","1","1",NA
"35279000","2",2004-02-01,"1","1","2.728","0.04","0.28629","15","14","1","1","1",NA,"0",0.2848,0.312,0.2848,0.2576,0.2576,0.312,0.786,1.0704,0.8808,0.312,0.176,0.176,0.0672,0.0672,0.8808,0.5964,0.2032,0.1488,0.1488,0.0944,0.1488,0.0944,0.04,0.04,0.04,0.04,0.1216,0.1488,0.312,NA,NA,"1","1","1","1","1","1","1","1","1","1","1","1","1","1","1","1","1","1","1","1","1","1","1","1","1","1","1","1","1","0",NA,NA
"35279000","2",2004-03-01,"1","1","2.331","0.0244","0.172994","7","6","1","1","1",NA,"0",0.312,0.2032,0.0361,0.0322,0.0322,0.0244,1.855,0.2032,0.2304,0.312,0.2576,0.2304,0.176,0.1488,0.0672,0.04,0.2032,0.2576,0.1216,0.0944,0.04,0.0322,0.0322,0.0322,0.0322,0.0361,0.0944,0.1216,0.04,0.0322,0.0322,"1","1","1","1","1","1","1","1","1","1","1","1","1","1","1","1","1","1","1","1","1","1","1","1","1","1","1","1","1","1","1",NA
"35279000","2",2004-04-01,"1","1","0.0244","0.0088","0.01608","1","16","1","1","1",NA,"0",0.0244,0.0244,0.0244,0.0205,0.0205,0.0205,0.0205,0.0205,0.0205,0.0205,0.0205,0.0205,0.0166,0.0166,0.0166,0.0088,0.0088,0.0088,0.0127,0.0127,0.0127,0.0088,0.0088,0.0088,0.0088,0.0088,0.0166,0.0166,0.0166,0.0166,NA,"1","1","1","1","1","1","1","1","1","1","1","1","1","1","1","1","1","1","1","1","1","1","1","1","1","1","1","1","1","1",NA,NA
"35279000","2",2004-05-01,"1","1","0.024","0","0.009","5","19","1","1","1",NA,"0",0.017,0.013,0.013,0.013,0.024,0.024,0.017,0.017,0.017,0.017,0.017,0.013,0.013,0.013,0.013,0.013,0.009,0.001,0,0,0,0,0,0,0,0,0,0,0,0,0,"1","1","1","1","1","1","1","1","1","1","1","1","1","1","1","1","1","1","1","1","1","1","1","1","1","1","1","1","1","1","1",NA
"35279000","2",2004-06-01,"1","1","0","0","0","1","1","1","1","1",NA,"0",0,0,0,0,0,0,0,0,0,0,0,0,0,0,0,0,0,0,0,0,0,0,0,0,0,0,0,0,0,0,NA,"1","1","1","1","1","1","1","1","1","1","1","1","1","1","1","1","1","1","1","1","1","1","1","1","1","1","1","1","1","1",NA,NA
"35279000","2",2004-07-01,"1","1","0","0","0","1","1","1","1","1",NA,"0",0,0,0,0,0,0,0,0,0,0,0,0,0,0,0,0,0,0,0,0,0,0,0,0,0,0,0,0,0,0,0,"1","1","1","1","1","1","1","1","1","1","1","1","1","1","1","1","1","1","1","1","1","1","1","1","1","1","1","1","1","1","1",NA
"35279000","2",2004-08-01,"1","1","0","0","0","1","1","1","1","1",NA,"0",0,0,0,0,0,0,0,0,0,0,0,0,0,0,0,0,0,0,0,0,0,0,0,0,0,0,0,0,0,0,0,"1","1","1","1","1","1","1","1","1","1","1","1","1","1","1","1","1","1","1","1","1","1","1","1","1","1","1","1","1","1","1",NA
"35279000","2",2004-09-01,"1","1",NA,NA,NA,NA,NA,"0","0","0",NA,"0",0,0,0,0,0,0,0,0,0,0,0,0,0,0,0,NA,NA,NA,NA,NA,NA,NA,NA,NA,NA,NA,NA,NA,NA,NA,NA,"1","1","1","1","1","1","1","1","1","1","1","1","1","1","1","0","0","0","0","0","0","0","0","0","0","0","0","0","0","0",NA,NA
